SOA1;SOA2;StimTargetID;StimPair1Bg;StimPair1Target;StimPair2Bg;StimPair2Target;Ring;TargetLuminance;BgLuminance;TargetSelected;TOJ1Correct;TOJ2Correct;Tutorial;InAsteroidField;PresentationSpeed;RingPassSpeed;StationCount;PresentationTurbo;RingPassTurbo;StationExploded;GameTime
0.3;0.3;3;0;2;1;3;1;0.265;0.3451;false;true;true;true;false;1800;1800;0;false;false;false;55.27097
0.3;0.3;3;2;0;1;3;2;0.265;0.3451;false;true;true;true;false;1800;1800;0;false;false;false;62.03012
0.3;0.3;2;1;3;0;2;1;0.265;0.3451;false;true;true;true;true;1800;1800;0;false;false;false;68.77087
0;-0.05;3;0;2;1;3;0;0.3451;0.3451;true;true;true;false;false;1828.25488;1875.94788;3;false;false;false;88.1938
0;0.1;3;1;3;2;0;3;0.87843;0.3451;true;false;true;false;false;1908.54163;1946.73267;4;false;false;false;95.2254
-0.05;0.1;1;3;1;0;2;0;0.47059;0.3451;false;false;true;false;false;3419.92896;2014.91907;5;true;false;false;102.01737
-0.05;-0.05;3;1;3;0;2;0;0.3451;0.3451;true;true;false;false;false;2045.224;2085.47168;6;false;false;false;109.03143
-0.1;0.05;1;0;2;3;1;3;0.59608;0.3451;false;true;true;false;false;2112.1792;2153.62085;7;false;false;false;115.81113
0.05;0.1;1;3;1;0;2;0;0.59608;0.3451;false;true;true;false;false;3289.53198;2215.4812;8;false;false;false;121.97244
0;-0.05;2;1;3;0;2;0;0.47059;0.3451;false;false;false;false;false;2243.10815;2331.21216;9;false;false;false;127.95474
0.1;0.1;2;3;1;0;2;0;0.47059;0.3451;false;true;true;false;false;2741.61768;2338.30835;10;true;false;false;134.19205
-0.1;-0.1;2;3;1;0;2;2;0.3451;0.3451;true;true;true;false;false;3242.427;2395.46851;11;true;false;false;139.87027
0.1;-0.05;1;0;2;3;1;1;0.59608;0.3451;true;true;true;false;false;2420.89917;2451.13623;12;false;false;false;145.40994
0;0;2;0;2;1;3;0;0.3451;0.3451;false;true;false;false;false;2476.06616;2511.60913;13;false;false;false;151.41971
0;0;3;0;2;1;3;0;0.59608;0.3451;true;true;false;false;false;2535.93945;2694.90112;14;false;false;false;156.68936
0;-0.1;1;0;2;3;1;1;0.3451;0.3451;true;true;true;false;false;2588.30371;4009.35107;15;false;false;false;161.52899
-0.05;0;3;1;3;2;0;0;0.59608;0.3451;true;true;false;false;false;2636.15967;2666.39038;16;false;false;false;166.82677
-0.1;-0.05;3;1;3;0;2;0;0.3451;0.3451;true;true;false;false;false;2689.31274;2717.82129;17;false;false;false;171.9623
-0.1;-0.1;2;3;1;0;2;2;0.47059;0.3451;true;true;true;false;false;3391.54297;2769.07129;18;false;false;false;177.05959
0.05;0.05;2;1;3;0;2;1;0.87843;0.3451;false;true;true;false;false;2791.19287;2818.11914;19;false;false;false;181.93697
-0.1;0.05;2;1;3;0;2;0;0.47059;0.3451;false;true;true;false;false;3021.92773;2866.37354;20;false;false;false;186.74591
0;0.05;2;0;2;3;1;0;0.3451;0.3451;false;true;true;false;true;2887.73022;3083.13892;23;false;false;false;191.66682
0.1;0;0;2;0;1;3;0;0.3451;0.3451;true;false;false;false;true;3377.39307;2964.3772;23;false;false;false;196.51184
0.05;-0.1;0;3;1;2;0;0;0.59608;0.3451;true;true;true;false;false;3064.17651;3091.60352;23;false;false;false;209.1757
0.1;-0.05;0;2;0;3;1;2;0.3451;0.3451;false;true;true;false;false;3111.4231;3577.49463;24;false;false;false;213.77426
0;0.05;2;3;1;0;2;1;0.47059;0.3451;false;false;true;false;false;4541.47852;3180.20654;25;true;false;false;218.01404
0.1;-0.1;3;1;3;2;0;1;0.87843;0.3451;false;true;true;false;false;3199.22974;3402.49194;26;false;false;false;222.31302
0.05;-0.05;0;2;0;1;3;3;0.3451;0.3451;false;true;true;false;false;3242.07251;3267.60205;27;false;false;false;226.72223
-0.1;-0.05;1;2;0;3;1;0;0.87843;0.3451;false;true;false;false;false;3896.81738;3311.146;28;true;false;false;231.05818
-0.05;-0.05;0;2;0;1;3;1;0.47059;0.3451;true;true;false;false;false;3329.34375;3385.75488;29;false;false;false;235.31616
0.1;0.1;1;3;1;0;2;0;0.59608;0.3451;false;true;true;false;false;3371.18457;3575.72363;30;false;false;false;239.39398
-0.05;-0.1;3;2;0;1;3;0;0.47059;0.3451;true;true;true;false;false;3844.72412;3437.24951;31;true;false;false;243.6219
0.1;0;2;1;3;0;2;1;0.59608;0.3451;false;true;true;false;false;4193.27148;3658.6543;32;false;false;false;247.50168
0.05;-0.1;0;1;3;2;0;1;0.87843;0.3451;true;true;true;false;false;3493.71655;3516.8457;33;false;false;false;251.56149
0;0.1;0;1;3;2;0;0;0.59608;0.3451;true;false;false;false;false;3534.16675;3557.49561;34;false;false;false;255.61125
-0.1;0.05;1;2;0;3;1;0;0.87843;0.3451;false;true;true;false;false;3574.71704;3598.04565;35;false;false;false;259.66577
-0.05;0.1;3;0;2;1;3;2;0.87843;0.3451;false;true;true;false;false;3615.06641;3639.09644;36;false;false;false;263.76089
-0.05;0;0;1;3;2;0;0;0.3451;0.3451;true;true;false;false;false;3730.4187;3679.64526;37;true;false;false;267.80573
-0.1;0.05;3;1;3;0;2;0;0.3451;0.3451;true;true;true;false;false;3695.2644;3719.09375;38;false;false;false;271.74063
0;0.1;1;0;2;3;1;0;0.87843;0.3451;false;true;true;false;false;3887.58838;4060.43359;39;false;false;false;275.43521
-0.05;0.05;3;1;3;0;2;1;0.59608;0.3451;false;false;true;false;false;3771.65747;3795.08545;40;false;false;false;279.33997
0.1;0.05;1;2;0;3;1;3;0.87843;0.3451;false;true;true;false;true;3810.32251;3833.54517;43;false;false;false;283.17581
-0.1;0;0;3;1;2;0;1;0.3451;0.3451;true;true;false;false;true;3849.26074;3871.58569;43;false;false;false;286.96994
0.1;0.1;2;1;3;0;2;1;0.3451;0.3451;false;true;true;false;false;3948.3645;3970.68701;43;false;false;false;296.85999
0.1;0.05;0;2;0;3;1;3;0.47059;0.3451;false;true;true;false;false;5500;4733.81494;44;true;true;false;300.06314
0;-0.05;2;0;2;1;3;0;0.47059;0.3451;false;true;true;false;false;4193.74902;5500;45;false;true;false;303.30634
0.05;0.05;3;1;3;2;0;1;0.47059;0.3451;false;true;false;false;false;3999.91577;5229.9751;46;false;true;false;306.74969
0;-0.05;3;1;3;0;2;3;0.59608;0.3451;true;false;true;false;false;3999.91577;4179.85156;47;false;false;false;310.35321
0.1;-0.1;1;3;1;0;2;0;0.59608;0.3451;false;true;false;false;false;4074.92529;3999.91577;48;false;false;false;314.02679
-0.1;0.1;1;3;1;2;0;2;0.59608;0.3451;true;true;true;false;false;3999.91577;4359.91357;49;false;false;false;317.66049
0.1;0.05;1;3;1;2;0;0;0.59608;0.3451;false;true;false;false;false;4510.1626;3999.91577;50;true;false;false;321.34518
0.05;0.05;3;1;3;2;0;0;0.59608;0.3451;true;false;false;false;false;3999.91577;3999.91577;51;false;false;false;325.04987
-0.05;0.1;2;3;1;0;2;1;0.59608;0.3451;false;true;true;false;false;3999.91577;3999.91577;52;false;false;false;328.73447
0.1;-0.1;3;0;2;1;3;0;0.3451;0.3451;true;true;true;false;false;4675.09766;3999.91577;53;false;false;false;332.30887
0;-0.1;3;2;0;1;3;0;0.47059;0.3451;true;false;true;false;false;3999.91577;3999.91577;54;false;false;false;336.03336
-0.1;0;2;3;1;0;2;1;0.47059;0.3451;false;true;true;false;false;3999.91577;3999.91577;55;false;false;false;339.65793
0;0.1;2;1;3;0;2;0;0.47059;0.3451;false;false;true;false;false;3999.91577;5155.33496;56;false;true;false;343.10214
0.1;-0.05;3;1;3;2;0;1;0.47059;0.3451;false;true;true;false;false;4569.63721;3999.91577;57;false;false;false;346.53635
-0.1;0.1;0;2;0;3;1;0;0.47059;0.3451;true;true;true;false;false;4179.96045;3999.91577;58;false;false;false;350.20087
0.05;-0.05;3;1;3;2;0;1;0.47059;0.3451;false;true;true;false;false;3999.91577;4465.0752;59;false;false;false;353.67322
0;0;0;3;1;2;0;0;0.47059;0.3451;true;true;false;false;false;4209.91602;5319.91602;60;false;true;false;357.06711
0;0.1;1;3;1;2;0;0;0.47059;0.3451;false;true;false;false;true;4192.28418;4584.91602;63;false;false;false;360.4422
-0.05;0.05;1;0;2;3;1;0;0.87843;0.3451;false;false;true;false;true;3999.91577;3999.91577;63;false;false;false;364.14581
0.05;-0.05;3;2;0;1;3;0;0.87843;0.3451;true;false;true;false;false;3999.91577;4209.94189;63;false;false;false;373.73535
-0.1;-0.05;1;3;1;0;2;0;0.87843;0.3451;false;false;false;false;false;4464.91602;3999.91577;64;false;false;false;377.43903
-0.1;0.1;0;1;3;2;0;0;0.47059;0.3451;true;true;false;false;false;3999.91577;4600.14307;65;false;false;false;381.02277
-0.1;0;0;3;1;2;0;1;0.87843;0.3451;true;true;false;false;false;3999.91577;4419.87646;66;false;false;false;384.60626
0.05;-0.05;3;1;3;0;2;1;0.59608;0.3451;false;true;false;false;false;3999.91577;3999.91577;67;false;false;false;388.35043
0.05;0.05;2;0;2;3;1;0;0.3451;0.3451;false;true;true;false;false;3999.91577;3999.91577;68;false;false;false;392.00479
0.1;-0.1;1;3;1;2;0;0;0.3451;0.3451;false;true;true;false;false;3999.91577;3999.91577;69;false;false;false;395.6893
-0.05;-0.05;0;2;0;3;1;0;0.87843;0.3451;true;true;false;false;false;3999.91577;4795.28955;70;false;false;false;399.17349
0.05;0;2;1;3;0;2;1;0.47059;0.3451;false;true;true;false;false;3999.91577;3999.91577;71;false;false;false;402.81796
-0.05;-0.1;0;2;0;1;3;0;0.59608;0.3451;true;true;true;false;false;3999.91577;3999.91577;72;false;false;false;406.56253
0;0.05;1;0;2;3;1;0;0.59608;0.3451;false;true;true;false;false;3999.91577;3999.91577;73;false;false;false;410.30731
0.05;0;0;1;3;2;0;1;0.87843;0.3451;true;true;false;false;false;3999.91577;3999.91577;74;false;false;false;414.04904
-0.05;-0.1;1;3;1;2;0;1;0.47059;0.3451;true;true;true;false;false;3999.91577;3999.91577;75;false;false;false;417.79303
0;-0.1;1;3;1;2;0;1;0.59608;0.3451;true;false;true;false;false;3999.91577;3999.91577;76;false;false;false;421.53668
0.05;0.1;3;1;3;2;0;2;0.47059;0.3451;false;true;true;false;false;3999.91577;3999.91577;77;false;false;false;425.28033
0.05;-0.1;0;1;3;2;0;1;0.47059;0.3451;true;true;true;false;false;4645.05273;5469.91602;78;true;true;false;428.62369
0.1;-0.1;3;0;2;1;3;0;0.87843;0.3451;true;true;true;false;false;5500;3999.91577;79;true;false;false;431.78696
-0.05;0.05;0;2;0;3;1;0;0.47059;0.3451;true;true;true;false;false;4540.12549;3999.91577;80;false;false;false;435.33066
-0.1;0;1;3;1;0;2;1;0.87843;0.3451;true;true;true;false;true;3999.91577;4239.91602;83;false;true;false;438.97729
0.1;0;2;3;1;0;2;0;0.3451;0.3451;false;true;true;false;true;3999.91577;3999.91577;83;false;false;false;442.65088
-0.1;0;0;2;0;1;3;0;0.59608;0.3451;true;true;false;false;false;3999.91577;3999.91577;83;false;false;false;452.37167
-0.1;-0.1;2;0;2;1;3;0;0.87843;0.3451;false;false;true;false;false;4585.13916;5095.36182;84;true;true;false;455.73572
0.05;0.1;0;1;3;2;0;2;0.3451;0.3451;false;true;true;false;false;4029.51465;5500;85;false;false;false;458.98965
-0.05;0;0;3;1;2;0;2;0.87843;0.3451;false;true;true;false;false;3999.91577;4915.26367;86;false;false;false;462.48389
-0.1;-0.05;3;1;3;2;0;1;0.59608;0.3451;false;false;true;false;false;3999.91577;5500;87;false;true;false;465.86804
-0.05;-0.05;0;2;0;1;3;0;0.59608;0.3451;true;true;true;false;false;3999.91577;5484.99268;88;false;false;false;469.15219
0;0;1;3;1;2;0;0;0.87843;0.3451;false;true;false;false;false;3999.91577;4374.94238;89;false;true;false;472.77634
0.1;-0.05;0;1;3;2;0;1;0.3451;0.3451;true;true;true;false;false;3999.91577;5004.92188;90;false;false;false;476.20999
0.1;-0.05;2;3;1;0;2;0;0.87843;0.3451;false;true;false;false;false;3999.91577;5304.93066;91;false;false;false;479.63336
0;0.05;1;3;1;2;0;2;0.59608;0.3451;true;false;true;false;false;3999.91577;4074.89014;92;false;false;false;483.28693
-0.05;0.05;0;2;0;3;1;0;0.3451;0.3451;true;true;true;false;false;4194.90723;5005.06299;93;false;false;false;486.81042
0.1;0.1;1;2;0;3;1;2;0.87843;0.3451;true;true;false;false;false;3999.91577;4389.92041;94;false;false;false;490.49405
0.05;0.1;3;1;3;2;0;1;0.3451;0.3451;false;true;false;false;false;3999.91577;4269.80762;95;false;false;false;494.12781
0;-0.05;2;3;1;0;2;0;0.87843;0.3451;false;true;false;false;false;4405.06055;3999.91577;96;false;false;false;497.78232
-0.1;-0.1;0;3;1;2;0;1;0.59608;0.3451;true;true;true;false;false;4359.96533;5275.43066;97;false;false;false;501.15634
0.05;-0.1;0;2;0;1;3;0;0.3451;0.3451;true;false;true;false;false;3999.91577;3999.91577;98;false;false;false;504.85107
0.1;0.05;0;2;0;1;3;1;0.87843;0.3451;true;false;true;false;false;3999.91577;3999.91577;99;false;false;false;508.48544
0;0.05;0;3;1;2;0;2;0.87843;0.3451;false;false;true;false;false;4284.99756;4419.97168;100;false;false;false;511.99985
0;0.05;0;1;3;2;0;0;0.3451;0.3451;true;false;false;false;true;3999.91577;3999.91577;103;false;false;false;515.72754
-0.1;-0.05;2;3;1;0;2;2;0.3451;0.3451;true;true;true;false;true;3999.91577;4404.96436;103;false;false;false;519.41125
0;0.1;0;1;3;2;0;0;0.47059;0.3451;true;false;false;false;false;4450.01416;3999.91577;103;false;false;false;528.98163
0.1;0.1;0;1;3;2;0;1;0.3451;0.3451;true;true;false;false;false;5005.27881;5125.01221;104;false;false;false;532.25299
0.05;0;1;3;1;2;0;0;0.59608;0.3451;false;true;false;false;false;3999.91577;5409.92627;105;false;true;false;535.67633
0;0.1;1;3;1;2;0;0;0.47059;0.3451;false;true;false;false;false;4329.91992;5169.91602;106;false;true;false;538.9696
0;0.1;2;0;2;3;1;3;0.87843;0.3451;true;false;true;false;false;4044.99219;3999.91577;107;false;false;false;542.56311
-0.05;0;1;0;2;3;1;0;0.3451;0.3451;false;false;true;false;false;4330.06055;3999.91577;108;false;false;false;546.16669
0.05;-0.05;2;0;2;3;1;0;0.47059;0.3451;false;true;false;false;false;3999.91577;3999.91577;109;false;false;false;549.85052
0.05;0.05;3;2;0;1;3;1;0.3451;0.3451;false;false;true;false;false;3999.91577;3999.91577;110;false;false;false;553.53424
0.1;0.05;0;2;0;3;1;3;0.47059;0.3451;false;true;true;false;false;3999.91577;4494.91602;111;false;false;false;557.08795
-0.1;0.1;0;3;1;2;0;1;0.3451;0.3451;true;true;false;false;false;3999.91577;4420.02832;112;false;false;false;560.68195
0.1;0.1;2;0;2;1;3;1;0.59608;0.3451;false;true;true;false;false;3999.91577;4539.91602;113;false;false;false;564.2558
0.1;0.05;2;3;1;0;2;1;0.47059;0.3451;false;false;true;false;false;3999.91577;4374.91602;114;false;false;false;567.8595
-0.1;0.05;2;1;3;0;2;0;0.47059;0.3451;false;true;true;false;false;3999.91577;4359.91602;115;false;false;false;571.47302
-0.05;0.05;0;1;3;2;0;3;0.3451;0.3451;false;true;true;false;false;3999.91577;3999.91577;116;false;false;false;575.21674
-0.1;0.1;3;1;3;0;2;1;0.3451;0.3451;false;false;true;false;false;3999.91577;3999.91577;117;false;false;false;578.8703
-0.1;0.05;1;2;0;3;1;0;0.87843;0.3451;false;true;true;false;false;3999.91577;3999.91577;118;false;false;false;582.61395
-0.05;-0.1;2;0;2;3;1;1;0.59608;0.3451;false;false;true;false;false;3999.91577;3999.91577;119;false;false;false;586.33759
-0.1;0.1;0;2;0;1;3;1;0.47059;0.3451;true;true;true;false;false;3999.91577;3999.91577;120;false;false;false;590.07129
-0.05;0.05;3;1;3;2;0;0;0.59608;0.3451;true;true;false;false;true;3999.91577;3999.91577;123;false;false;false;593.81073
-0.05;0.05;3;1;3;2;0;2;0.87843;0.3451;false;false;true;false;true;3999.91577;3999.91577;123;false;false;false;597.55438
0;0.05;2;3;1;0;2;0;0.47059;0.3451;false;true;true;false;false;5424.96094;3999.91577;123;false;false;false;606.64325
-0.05;-0.1;3;1;3;2;0;0;0.87843;0.3451;true;true;true;false;false;4554.90967;3999.91577;124;false;false;false;610.14667
-0.1;-0.05;1;3;1;0;2;1;0.47059;0.3451;true;true;false;false;false;4299.91602;3999.91577;125;false;false;false;613.82037
0;0.05;0;2;0;1;3;1;0.59608;0.3451;true;false;true;false;false;3999.91577;3999.91577;126;false;false;false;617.48395
0.05;0.1;0;1;3;2;0;1;0.3451;0.3451;true;true;false;false;false;3999.91577;3999.95264;127;false;false;false;621.11755
0.1;-0.05;0;2;0;1;3;3;0.47059;0.3451;false;true;true;false;false;4224.91602;4135.01514;128;false;false;false;624.71112
-0.1;0.1;3;2;0;1;3;3;0.87843;0.3451;true;false;false;false;false;3999.91577;4719.97607;129;false;false;false;628.30475
-0.1;-0.1;0;2;0;1;3;0;0.47059;0.3451;true;true;true;false;false;3999.91577;3999.91577;130;false;false;false;632.02838
0.05;-0.05;0;3;1;2;0;2;0.47059;0.3451;false;false;false;false;false;3999.91577;3999.91577;131;false;false;false;635.77258
-0.05;0;2;0;2;3;1;2;0.59608;0.3451;true;true;false;false;false;3999.91577;3999.91577;132;false;false;false;639.50623
-0.1;-0.05;3;1;3;0;2;3;0.3451;0.3451;true;true;true;false;false;3999.91577;3999.91577;133;false;false;false;643.24988
-0.1;0.05;2;0;2;3;1;3;0.3451;0.3451;true;true;true;false;false;3999.91577;3999.91577;134;false;false;false;646.99359
-0.1;-0.05;0;1;3;2;0;0;0.3451;0.3451;true;true;true;false;false;3999.91577;3999.91577;135;false;false;false;650.73724
0.05;-0.1;2;0;2;3;1;0;0.59608;0.3451;false;true;false;false;false;3999.91577;3999.91577;136;false;false;false;654.47955
-0.05;-0.05;3;1;3;0;2;0;0.59608;0.3451;true;true;false;false;false;3999.91577;3999.91577;137;false;false;false;658.22321
0.1;0;0;2;0;3;1;3;0.59608;0.3451;false;true;true;false;false;3999.91577;3999.91577;138;false;false;false;661.96735
-0.05;0;3;0;2;1;3;0;0.59608;0.3451;true;false;false;false;false;3999.91577;3999.91577;139;false;false;false;665.71179
-0.1;0.05;1;3;1;2;0;0;0.87843;0.3451;false;false;false;false;false;3999.91577;3999.91577;140;false;false;false;669.44604
0;0;2;0;2;3;1;0;0.59608;0.3451;false;true;true;false;true;3999.91577;3999.91577;143;false;false;false;673.19232
0.1;0.1;1;2;0;3;1;3;0.47059;0.3451;false;true;true;false;true;3999.91577;3999.91577;143;false;false;false;676.93597
0;-0.1;0;2;0;1;3;3;0.87843;0.3451;false;true;true;false;false;3999.91577;5080.34326;143;false;true;false;686.42676
0;-0.05;1;2;0;3;1;0;0.47059;0.3451;false;false;false;false;false;4149.46729;5500;144;false;true;false;689.61047
-0.05;0;1;3;1;0;2;0;0.87843;0.3451;false;false;true;false;false;3999.91577;5500;145;false;true;false;692.87427
-0.1;-0.1;0;2;0;3;1;1;0.87843;0.3451;true;true;true;false;false;3999.91577;5500;146;false;true;false;696.14813
0.05;0.05;2;1;3;0;2;0;0.47059;0.3451;false;false;true;false;false;4269.60205;5065.45996;147;false;false;false;699.39191
0.1;0.1;1;3;1;2;0;0;0.87843;0.3451;false;true;false;false;false;3999.91577;3999.91577;148;false;false;false;703.10645
0.1;-0.05;3;1;3;2;0;1;0.59608;0.3451;false;true;true;false;false;4254.94385;5065.28125;149;false;false;false;706.46033
-0.1;-0.05;3;1;3;0;2;0;0.59608;0.3451;true;true;false;false;false;3999.91577;5260.40723;150;false;true;false;709.91425
-0.1;0;0;2;0;3;1;1;0.47059;0.3451;true;true;false;false;false;4239.48877;5395.10986;151;false;true;false;713.17603
0.1;-0.05;2;3;1;0;2;0;0.47059;0.3451;false;true;false;false;false;3999.91577;5485;152;false;false;false;716.4693
0.05;-0.05;3;1;3;2;0;0;0.87843;0.3451;true;false;true;false;false;3999.91577;4749.9873;153;false;false;false;719.92267
0;-0.1;3;1;3;0;2;1;0.59608;0.3451;false;true;false;false;false;3999.91577;5500;154;false;true;false;723.31598
-0.05;0.1;1;3;1;2;0;0;0.59608;0.3451;false;false;false;false;false;3999.91577;4074.91577;155;false;true;false;726.89954
0;0.05;3;1;3;2;0;0;0.47059;0.3451;true;false;false;false;false;3999.91577;4719.92676;156;false;false;false;730.35291
-0.05;0.1;3;1;3;0;2;1;0.3451;0.3451;false;false;true;false;false;3999.91577;5484.91602;157;false;true;false;733.76624
0.05;0.1;1;0;2;3;1;0;0.87843;0.3451;false;true;true;false;false;4284.78418;4869.91895;158;false;false;false;737.14966
-0.1;0.1;3;1;3;2;0;0;0.87843;0.3451;true;true;false;false;false;3999.91577;3999.91577;159;false;false;false;740.89331
0.1;0;3;2;0;1;3;3;0.3451;0.3451;true;true;false;false;false;3999.91577;3999.91577;160;false;false;false;744.63696
0;-0.05;3;1;3;2;0;0;0.47059;0.3451;true;false;true;false;true;3999.91577;3999.91577;163;false;false;false;748.38556
0.05;0;1;3;1;2;0;2;0.3451;0.3451;true;false;true;false;true;3999.91577;4945.43066;163;false;false;false;751.84949
0;0;0;2;0;1;3;0;0.47059;0.3451;true;false;false;false;false;5334.94971;3999.91577;163;false;false;false;761.18005
-0.1;-0.1;1;3;1;2;0;1;0.59608;0.3451;true;true;true;false;false;4059.92383;4090.22754;164;false;false;false;764.72357
0.1;0.05;1;2;0;3;1;0;0.59608;0.3451;false;false;true;false;false;3999.91577;4359.96436;165;false;false;false;768.3371
-0.05;0.05;1;2;0;3;1;0;0.59608;0.3451;false;true;true;false;false;3999.91577;4792.33008;166;false;false;false;771.87897
0.1;-0.1;2;1;3;0;2;2;0.59608;0.3451;true;true;true;false;false;3999.91577;4614.95215;167;false;false;false;775.48248
0;0.1;1;2;0;3;1;0;0.3451;0.3451;false;false;true;false;false;3999.91577;3999.91577;168;false;false;false;779.22614
0.1;-0.1;3;1;3;0;2;0;0.59608;0.3451;true;false;false;false;false;3999.91577;3999.91577;169;false;false;false;782.97052
0;0.05;2;0;2;3;1;-1;0.3451;0.3451;false;false;false;false;false;4059.9624;-1;170;false;false;true;786.72473
-0.05;-0.05;3;2;0;1;3;3;0.3451;0.3451;true;false;true;false;false;3318.23682;3646.98389;171;false;false;false;791.02917
0.05;-0.1;0;1;3;2;0;0;0.59608;0.3451;true;false;true;false;false;3361.17896;4301.70654;172;false;false;false;795.08313
0;-0.1;0;3;1;2;0;0;0.3451;0.3451;true;true;true;false;false;3401.61841;5346.03662;173;false;true;false;798.88684
0;-0.05;3;1;3;2;0;0;0.87843;0.3451;true;false;true;false;false;3939.98975;5232.09277;174;false;true;false;802.39026
-0.1;0;0;3;1;2;0;1;0.3451;0.3451;true;true;false;false;false;3849.99219;5445.33154;175;false;true;false;805.83362
-0.05;-0.1;3;1;3;0;2;3;0.47059;0.3451;true;true;true;false;false;3954.99561;4809.94922;176;false;false;false;809.49719
0.05;0.1;3;1;3;2;0;3;0.87843;0.3451;true;false;true;false;false;3544.9585;5088.05566;177;false;true;false;813.26105
0;0.05;0;1;3;2;0;0;0.87843;0.3451;true;false;false;false;false;4059.43506;5241.64941;178;false;true;false;816.69476
0.05;-0.05;2;1;3;0;2;2;0.3451;0.3451;true;true;true;false;false;4134.47607;5156.83838;179;false;true;false;820.12891
0;0;2;1;3;0;2;2;0.87843;0.3451;true;true;false;false;false;4224.50439;5100.4585;180;false;false;false;823.57269
0;0;0;2;0;3;1;0;0.3451;0.3451;true;false;true;false;true;3685.09082;5063.3042;183;false;true;false;827.23285
0.05;0.05;3;2;0;1;3;1;0.87843;0.3451;false;false;true;false;true;4104.95459;4949.03955;183;false;true;false;830.71625
-0.1;-0.1;0;2;0;1;3;0;0.3451;0.3451;true;true;true;false;false;3818.11572;5001.63086;183;false;false;false;840.54523
-0.05;0.1;0;3;1;2;0;1;0.87843;0.3451;true;true;false;false;false;3854.75391;3967.08691;184;false;true;false;844.34949
-0.05;-0.05;3;1;3;2;0;0;0.87843;0.3451;true;true;true;false;false;4087.37402;3913.83154;185;false;false;false;847.99402
0.1;-0.05;3;0;2;1;3;0;0.87843;0.3451;true;true;true;false;false;3928.04907;5394.52686;186;false;true;false;851.35779
0.1;0.05;2;1;3;0;2;1;0.3451;0.3451;false;true;true;false;false;4629.79199;4012.01562;187;false;true;false;854.8017
-0.05;-0.1;0;3;1;2;0;1;0.87843;0.3451;true;true;true;false;false;4837.31885;5499.93555;188;false;true;false;857.96484
0;-0.1;0;2;0;1;3;0;0.47059;0.3451;true;false;true;false;false;3999.9353;5500;189;false;true;false;861.27808
0;0.05;0;2;0;1;3;1;0.87843;0.3451;true;false;true;false;false;3999.9353;5500;190;false;true;false;864.55127
0.05;0.1;2;3;1;0;2;1;0.59608;0.3451;false;false;true;false;false;3999.9353;5500;191;false;false;false;867.84473
0.05;-0.1;3;0;2;1;3;0;0.47059;0.3451;true;true;true;false;false;3999.9353;4734.93945;192;false;true;false;871.36829
0.05;-0.1;0;2;0;3;1;2;0.3451;0.3451;false;true;true;false;false;4494.98975;3999.9353;193;false;false;false;874.88171
0;-0.1;3;0;2;1;3;1;0.87843;0.3451;false;true;false;false;false;4210.07568;3999.9353;194;false;false;false;878.57538
0.1;-0.05;3;1;3;2;0;1;0.3451;0.3451;false;true;true;false;false;4029.93555;3999.9353;195;false;false;false;882.15887
0.05;0.05;2;3;1;0;2;0;0.59608;0.3451;false;true;true;false;false;4494.93604;4705.22021;196;false;false;false;885.57251
0;-0.05;3;2;0;1;3;0;0.3451;0.3451;true;false;true;false;false;3999.9353;5500;197;false;true;false;888.95642
0;0.1;1;3;1;2;0;3;0.59608;0.3451;false;true;true;false;false;3999.9353;5137.15674;198;false;false;false;892.43823
-0.05;-0.05;1;3;1;2;0;0;0.47059;0.3451;false;false;true;false;false;4464.93555;5169.94971;199;false;true;false;895.87158
0.1;0;2;0;2;3;1;0;0.87843;0.3451;false;true;true;false;false;3999.9353;3999.9353;200;false;false;false;899.49518
-0.1;0;2;0;2;3;1;2;0.59608;0.3451;true;true;false;false;true;3999.9353;5004.93555;203;false;true;false;903.01184
0.1;-0.1;2;0;2;1;3;0;0.47059;0.3451;false;true;true;false;true;4374.98828;5304.93555;203;false;true;false;906.26501
0.1;0.1;1;0;2;3;1;0;0.3451;0.3451;false;true;true;false;false;4315;3999.9353;203;false;false;false;915.28381
0.1;-0.1;1;0;2;3;1;0;0.87843;0.3451;false;true;false;false;false;5169.96631;4824.93555;204;false;true;false;918.55701
0.05;0.1;0;2;0;3;1;2;0.59608;0.3451;false;true;false;false;false;3999.9353;3999.9353;205;false;false;false;922.28064
0.05;-0.1;1;3;1;2;0;0;0.87843;0.3451;false;true;true;false;false;3999.9353;3999.9353;206;false;false;false;926.02466
0.05;0.05;3;0;2;1;3;1;0.47059;0.3451;false;true;true;false;false;3999.9353;3999.9353;207;false;false;false;929.7691
0;-0.1;3;0;2;1;3;0;0.47059;0.3451;true;true;true;false;false;3999.9353;3999.9353;208;false;false;false;933.51337
-0.1;-0.05;2;1;3;0;2;0;0.3451;0.3451;false;true;false;false;false;3999.9353;3999.9353;209;false;false;false;937.25775
0.05;0;1;3;1;0;2;0;0.59608;0.3451;false;true;true;false;false;3999.9353;3999.9353;210;false;false;false;940.99213
0.05;0.05;1;2;0;3;1;3;0.87843;0.3451;false;true;true;false;false;3999.9353;3999.9353;211;false;false;false;944.73639
0.05;-0.05;2;1;3;0;2;2;0.3451;0.3451;true;true;true;false;false;3999.9353;3999.9353;212;false;false;false;948.48077
0;0.1;2;3;1;0;2;0;0.59608;0.3451;false;true;true;false;false;3999.9353;3999.9353;213;false;false;false;952.22302
0.05;-0.1;3;1;3;0;2;2;0.47059;0.3451;false;true;true;false;false;3999.9353;3999.9353;214;false;false;false;955.96667
0.1;0.1;2;0;2;1;3;1;0.47059;0.3451;false;true;true;false;false;3999.9353;3999.9353;215;false;false;false;959.71039
-0.05;0.1;3;2;0;1;3;1;0.47059;0.3451;false;true;true;false;false;3999.9353;3999.9353;216;false;false;false;963.4541
-0.1;-0.05;1;0;2;3;1;2;0.59608;0.3451;true;true;true;false;false;3999.9353;3999.9353;217;false;false;false;967.19788
0.1;-0.1;2;0;2;1;3;0;0.47059;0.3451;false;true;true;false;false;3999.9353;3999.9353;218;false;false;false;970.94153
0.1;0;2;0;2;3;1;0;0.47059;0.3451;false;true;true;false;false;3999.9353;3999.9353;219;false;false;false;974.68616
-0.05;0.1;2;0;2;1;3;2;0.59608;0.3451;true;true;true;false;false;3999.9353;5380.36377;220;false;true;false;978.12952
-0.1;-0.1;3;0;2;1;3;3;0.3451;0.3451;true;true;true;false;true;5266.24707;3999.9353;223;true;false;false;981.40686
0;0;0;3;1;2;0;0;0.59608;0.3451;true;true;false;false;true;3999.9353;4659.93555;223;false;true;false;984.99042
0.1;0.05;3;1;3;2;0;2;0.3451;0.3451;false;true;true;false;false;3999.9353;5244.93604;223;false;true;false;994.43011
0;0.05;2;1;3;0;2;0;0.3451;0.3451;false;false;true;false;false;3999.9353;4314.89941;224;false;false;false;997.93353
-0.1;-0.1;2;0;2;1;3;3;0.59608;0.3451;true;true;true;false;false;3999.9353;4524.92578;225;false;false;false;1001.53711
0.1;0;3;0;2;1;3;0;0.59608;0.3451;true;true;false;false;false;3999.9353;5380;226;false;false;false;1004.94794
-0.05;0.1;1;3;1;2;0;2;0.47059;0.3451;true;true;true;false;false;3999.9353;4299.93555;227;false;false;false;1008.46204
0.1;0.05;2;0;2;1;3;0;0.47059;0.3451;false;true;false;false;false;3999.9353;5500;228;false;true;false;1011.86536
-0.1;-0.05;1;3;1;2;0;1;0.47059;0.3451;true;true;true;false;false;5500;5125.03271;229;true;true;false;1014.88837
0.1;-0.1;0;2;0;1;3;3;0.3451;0.3451;false;true;true;false;false;4434.97705;4164.9917;230;false;false;false;1018.39178
0;0.05;2;0;2;1;3;0;0.87843;0.3451;false;true;false;false;false;4254.97607;4599.95166;231;false;false;false;1021.87518
0.05;-0.1;3;0;2;1;3;0;0.47059;0.3451;true;true;true;false;false;3999.9353;3999.9353;232;false;false;false;1025.52881
0;-0.05;0;2;0;1;3;0;0.59608;0.3451;true;false;true;false;false;3999.9353;5500;233;false;true;false;1028.93213
-0.05;0.1;0;3;1;2;0;2;0.3451;0.3451;false;true;true;false;false;3999.9353;4674.94238;234;false;true;false;1032.4259
0;0.05;1;2;0;3;1;0;0.87843;0.3451;false;false;true;false;false;3999.9353;5500;235;false;true;false;1035.68909
0.05;0.1;2;3;1;0;2;0;0.59608;0.3451;false;true;true;false;false;3999.9353;5500;236;false;true;false;1038.9823
0;0;2;0;2;1;3;0;0.87843;0.3451;false;true;false;false;false;3999.9353;4074.91113;237;false;false;false;1042.47571
0.05;0.1;3;1;3;2;0;2;0.3451;0.3451;false;true;true;false;false;3999.9353;5440.59521;238;false;true;false;1045.89917
-0.05;-0.05;2;1;3;0;2;0;0.87843;0.3451;false;true;false;false;false;4255;3999.9353;239;false;false;false;1049.45288
-0.1;-0.05;2;1;3;0;2;0;0.87843;0.3451;false;true;false;false;false;3999.9353;5485.19727;240;false;true;false;1052.78638
0.1;0;0;3;1;2;0;0;0.47059;0.3451;true;true;false;false;true;3999.9353;3999.9353;243;false;false;false;1056.45227
0.1;0.05;0;1;3;2;0;2;0.47059;0.3451;false;true;true;false;true;3999.9353;5380.51514;243;false;true;false;1059.89575
0;0.05;1;3;1;2;0;0;0.59608;0.3451;false;true;false;false;false;5034.9873;3999.9353;243;false;false;false;1067.63281
0.1;-0.05;0;3;1;2;0;0;0.87843;0.3451;true;true;true;false;false;3999.9353;4854.96631;244;false;false;false;1071.11621
0.05;-0.05;1;3;1;0;2;0;0.47059;0.3451;false;true;false;false;false;3999.9353;4719.92725;245;false;false;false;1074.66003
0;0.1;1;2;0;3;1;0;0.3451;0.3451;false;false;true;false;false;3999.9353;5500;246;false;false;false;1078.06348
-0.1;0.1;1;3;1;0;2;1;0.59608;0.3451;true;true;true;false;false;3999.9353;4750.23047;247;false;false;false;1081.59692
-0.1;-0.05;1;3;1;2;0;1;0.87843;0.3451;true;true;true;false;false;3999.9353;5364.95459;248;false;false;false;1084.97021
0.05;-0.1;0;2;0;1;3;2;0.3451;0.3451;false;true;false;false;false;3999.9353;4855.25537;249;false;true;false;1088.50366
0;0;3;1;3;0;2;0;0.3451;0.3451;true;false;true;false;false;3999.9353;4780.22363;250;false;false;false;1091.93726
-0.1;0;0;2;0;1;3;0;0.59608;0.3451;true;true;false;false;false;3999.9353;4930.32422;251;false;false;false;1095.51111
-0.05;-0.05;0;2;0;3;1;0;0.59608;0.3451;true;true;false;false;false;3999.9353;5500;252;false;true;false;1098.89209
-0.05;0.05;0;2;0;3;1;0;0.87843;0.3451;true;true;true;false;false;3999.9353;4315.02393;253;false;false;false;1102.39575
0;-0.1;2;0;2;1;3;0;0.59608;0.3451;false;true;true;false;false;3999.9353;5500;254;false;true;false;1105.74915
0;-0.1;1;3;1;2;0;0;0.3451;0.3451;false;true;true;false;false;3999.9353;4661.25537;255;false;false;false;1109.14343
0.05;-0.05;1;0;2;3;1;0;0.59608;0.3451;false;true;false;false;false;3999.9353;5049.93555;256;false;true;false;1112.66699
0.05;-0.05;1;3;1;0;2;0;0.87843;0.3451;false;true;false;false;false;4179.99023;4810.00098;257;false;false;false;1116.02026
0.1;0;1;3;1;0;2;0;0.87843;0.3451;false;true;true;false;false;3999.9353;5500;258;false;true;false;1119.38367
0;-0.05;3;1;3;0;2;0;0.47059;0.3451;true;false;false;false;false;4044.87695;5379.99121;259;false;false;false;1122.62695
-0.1;0.05;1;3;1;2;0;2;0.3451;0.3451;true;true;true;false;false;3999.9353;5500;260;false;true;false;1125.98047
0.1;-0.05;2;0;2;3;1;0;0.59608;0.3451;false;true;false;false;true;3999.9353;5140.19287;263;false;false;false;1129.42725
-0.1;-0.1;3;1;3;2;0;0;0.87843;0.3451;true;true;true;false;true;3999.9353;5184.95215;263;false;true;false;1132.89062
0.1;0.1;2;3;1;0;2;0;0.59608;0.3451;false;true;true;false;false;3999.9353;4272.93896;263;false;false;false;1142.30176
-0.05;0.05;2;3;1;0;2;1;0.59608;0.3451;false;true;true;false;false;3999.9353;5500;264;false;true;false;1145.69507
0.05;0;3;2;0;1;3;2;0.47059;0.3451;false;true;true;false;false;4149.94434;4644.92383;265;false;false;false;1149.05957
0.1;0;1;0;2;3;1;0;0.3451;0.3451;false;true;true;false;false;3999.9353;4914.96875;266;false;true;false;1152.61304
-0.05;-0.1;0;2;0;3;1;1;0.47059;0.3451;true;true;true;false;false;3999.9353;4779.93799;267;false;false;false;1155.98633
0;-0.1;0;2;0;3;1;0;0.47059;0.3451;true;false;false;false;false;3999.9353;3999.9353;268;false;false;false;1159.62793
0.1;0.05;3;2;0;1;3;2;0.87843;0.3451;false;true;true;false;false;3999.9353;3999.9353;269;false;false;false;1163.33154
0.05;0.05;1;3;1;2;0;0;0.3451;0.3451;false;true;false;false;false;3999.9353;3999.9353;270;false;false;false;1167.07617
0;0;3;2;0;1;3;1;0.47059;0.3451;false;false;true;false;false;3999.9353;3999.9353;271;false;false;false;1170.81995
0.05;0;2;1;3;0;2;2;0.3451;0.3451;true;true;false;false;false;3999.9353;3999.9353;272;false;false;false;1174.56396
-0.05;0;1;3;1;0;2;1;0.47059;0.3451;true;true;true;false;false;3999.9353;3999.9353;273;false;false;false;1178.29822
-0.05;0.05;2;3;1;0;2;1;0.3451;0.3451;false;true;true;false;false;3999.9353;4840.23535;274;false;true;false;1181.86182
0;-0.05;2;1;3;0;2;3;0.87843;0.3451;true;false;true;false;false;5500;4300.03809;275;true;true;false;1185.06494
-0.05;0;1;2;0;3;1;0;0.87843;0.3451;false;true;true;false;false;4179.9834;5500;276;false;true;false;1188.28821
0.1;-0.05;3;1;3;0;2;1;0.87843;0.3451;false;true;false;false;false;4119.46094;3999.9353;277;false;false;false;1191.88171
-0.1;0.1;0;2;0;1;3;1;0.3451;0.3451;true;true;true;false;false;4150.02588;5395.31104;278;false;true;false;1195.23718
-0.1;-0.05;1;3;1;2;0;1;0.59608;0.3451;true;true;true;false;false;4239.50537;5500;279;false;true;false;1198.46033
0;-0.1;0;1;3;2;0;1;0.87843;0.3451;true;true;true;false;false;4329.56494;4855.30566;280;false;true;false;1201.82361
0;0.05;0;3;1;2;0;2;0.47059;0.3451;false;false;true;false;true;4233.88428;3999.9353;283;false;false;false;1205.34155
0.05;0.05;3;0;2;1;3;2;0.59608;0.3451;false;false;true;false;true;3999.9353;4584.69336;283;false;false;false;1208.86523
-0.05;-0.05;3;0;2;1;3;2;0.47059;0.3451;false;true;false;false;false;4570;4374.93555;283;false;false;false;1218.073
0;-0.1;1;3;1;2;0;2;0.87843;0.3451;true;false;false;false;false;3999.9353;3999.9353;284;false;false;false;1221.8269
-0.05;0;1;3;1;0;2;1;0.59608;0.3451;true;true;true;false;false;3999.9353;4509.93701;285;false;false;false;1225.48059
-0.1;0;2;0;2;1;3;2;0.3451;0.3451;true;true;true;false;false;3999.9353;3999.9353;286;false;false;false;1229.22424
-0.05;-0.1;0;1;3;2;0;0;0.3451;0.3451;true;true;true;false;false;3999.9353;3999.9353;287;false;false;false;1232.9679
-0.05;0;3;0;2;1;3;2;0.3451;0.3451;false;true;true;false;false;3999.9353;4839.93652;288;false;true;false;1236.54138
-0.05;0.1;0;2;0;1;3;1;0.3451;0.3451;true;true;true;false;false;3999.9353;3999.9353;289;false;false;false;1240.22498
-0.05;0.05;1;3;1;2;0;2;0.47059;0.3451;true;true;true;false;false;3999.9353;4705.21533;290;false;false;false;1243.79871
0.05;-0.1;1;3;1;2;0;0;0.59608;0.3451;false;true;true;false;false;3999.9353;4720.17822;291;false;true;false;1247.43225
0;-0.05;2;1;3;0;2;0;0.3451;0.3451;false;false;false;false;false;3999.9353;4569.93896;292;false;true;false;1251.0658
-0.1;0.1;1;3;1;2;0;1;0.47059;0.3451;true;true;false;false;false;3999.9353;3999.9353;293;false;false;false;1254.78943
-0.1;0.1;0;1;3;2;0;3;0.87843;0.3451;false;true;true;false;false;3999.9353;3999.9353;294;false;false;false;1258.53308
0.05;-0.1;3;2;0;1;3;3;0.59608;0.3451;true;true;true;false;false;3999.9353;3999.9353;295;false;false;false;1262.27673
0.05;0.1;1;2;0;3;1;0;0.87843;0.3451;false;false;true;false;false;3999.9353;5484.94678;296;false;true;false;1265.68115
-0.1;0.05;0;2;0;3;1;0;0.87843;0.3451;true;true;true;false;false;5500;4734.93555;297;true;true;false;1268.76416
-0.05;-0.05;1;3;1;2;0;1;0.3451;0.3451;true;true;true;false;false;5500;5020.3374;298;true;true;false;1271.72742
0;0.1;1;3;1;0;2;0;0.87843;0.3451;false;true;true;false;false;5095;4540.05762;299;false;true;false;1274.99072
-0.1;-0.1;1;2;0;3;1;0;0.47059;0.3451;false;true;false;false;false;5019.99268;4765.2417;300;false;true;false;1278.23254
-0.1;0.1;0;3;1;2;0;1;0.59608;0.3451;true;true;false;false;true;5110;5154.93896;303;false;true;false;1281.36743
0.1;0.1;1;0;2;3;1;0;0.87843;0.3451;false;true;true;false;true;3999.9353;4555.17627;303;false;true;false;1284.88086
0.05;0.1;0;2;0;3;1;3;0.3451;0.3451;false;true;true;false;false;3999.9353;4375.07812;303;false;false;false;1294.49036
0.1;-0.1;1;2;0;3;1;2;0.3451;0.3451;true;true;true;false;false;3999.9353;4555.17969;304;false;false;false;1298.08386
-0.05;0.05;1;3;1;0;2;1;0.47059;0.3451;true;true;true;false;false;3999.9353;3999.9353;305;false;false;false;1301.83752
0.1;0;1;3;1;0;2;0;0.3451;0.3451;false;true;true;false;false;3999.9353;3999.9353;306;false;false;false;1305.5813
-0.1;-0.05;2;0;2;1;3;2;0.3451;0.3451;true;true;false;false;false;3999.9353;3999.9353;307;false;false;false;1309.31494
-0.05;0;1;0;2;3;1;2;0.47059;0.3451;true;true;false;false;false;3999.9353;3999.9353;308;false;false;false;1313.05859
0.1;0;3;1;3;2;0;0;0.47059;0.3451;true;false;false;false;false;3999.9353;3999.9353;309;false;false;false;1316.80225
0.05;-0.1;1;3;1;0;2;0;0.87843;0.3451;false;true;false;false;false;3999.9353;3999.9353;310;false;false;false;1320.5459
-0.05;0;1;2;0;3;1;0;0.59608;0.3451;false;true;true;false;false;3999.9353;3999.9353;311;false;false;false;1324.28979
0.05;0.1;0;2;0;1;3;2;0.59608;0.3451;false;true;true;false;false;3999.9353;3999.9353;312;false;false;false;1328.03357
-0.1;0.05;2;0;2;1;3;2;0.3451;0.3451;true;true;true;false;false;3999.9353;5200.09863;313;false;true;false;1331.51721
-0.1;-0.05;1;3;1;0;2;2;0.47059;0.3451;true;true;true;false;false;4749.72412;5500;314;false;true;false;1334.65027
0.1;0.1;0;2;0;3;1;3;0.59608;0.3451;false;true;true;false;false;3999.9353;5199.9375;315;false;true;false;1338.06226
0.1;-0.1;2;3;1;0;2;3;0.59608;0.3451;true;true;true;false;false;3999.99121;4239.94727;316;false;false;false;1341.60571
-0.05;-0.05;2;0;2;1;3;0;0.3451;0.3451;false;false;true;false;false;3999.9353;3999.9353;317;false;false;false;1345.33936
0;-0.1;3;1;3;0;2;2;0.59608;0.3451;false;true;true;false;false;3999.9353;5064.93555;318;false;false;false;1348.81274
0.1;0.1;3;1;3;0;2;1;0.3451;0.3451;false;true;true;false;false;3999.9353;4344.97168;319;false;false;false;1352.41626
0.1;-0.05;3;0;2;1;3;0;0.59608;0.3451;true;true;true;false;false;3999.9353;4314.93994;320;false;true;false;1356.06982
0.05;0.05;1;2;0;3;1;3;0.47059;0.3451;false;true;true;false;true;3999.9353;5169.93555;323;false;true;false;1359.50757
-0.1;-0.05;3;2;0;1;3;0;0.87843;0.3451;true;true;true;false;true;4464.97021;3999.9353;323;false;false;false;1363.03101
0.1;0.05;3;0;2;1;3;1;0.87843;0.3451;false;true;true;false;false;3999.9353;5004.95801;323;false;true;false;1372.3501
-0.1;-0.05;2;0;2;3;1;2;0.87843;0.3451;true;true;true;false;false;3999.9353;5035.29492;324;false;false;false;1375.8136
-0.05;0.05;0;1;3;2;0;0;0.47059;0.3451;true;true;false;false;false;3999.9353;4914.94434;325;false;false;false;1379.38708
0.05;0;2;0;2;3;1;0;0.47059;0.3451;false;true;true;false;false;3999.9353;4329.93506;326;false;false;false;1383.02063
-0.05;-0.05;0;2;0;1;3;0;0.47059;0.3451;true;true;true;false;false;3999.9353;3999.9353;327;false;true;false;1386.7146
-0.1;0;3;1;3;2;0;0;0.47059;0.3451;true;true;false;false;false;4014.95898;3999.9353;328;false;false;false;1390.32812
0.05;0.1;3;2;0;1;3;2;0.3451;0.3451;false;true;true;false;false;3999.9353;3300.33569;329;false;false;true;1394.18188
-0.05;0.05;3;2;0;1;3;1;0.59608;0.3451;false;true;true;false;false;3318.45581;5349.89111;330;false;true;false;1398.05396
0;-0.1;3;1;3;2;0;3;0.87843;0.3451;true;false;false;false;false;3399.89111;3381.10474;331;false;false;false;1402.27844
0.1;0.05;2;0;2;3;1;0;0.47059;0.3451;false;true;true;false;false;3399.12256;3425.04907;332;false;false;false;1406.67273
0.1;-0.1;2;0;2;1;3;0;0.87843;0.3451;false;true;true;false;false;3874.16528;3468.09131;333;false;false;false;1410.96692
0;0;1;3;1;0;2;0;0.59608;0.3451;false;true;true;false;false;3485.7085;4672.00879;334;false;true;false;1414.98157
0.05;0.1;3;2;0;1;3;0;0.87843;0.3451;true;false;false;false;false;3525.25439;5067.87158;335;false;true;false;1418.75525
-0.05;0.1;2;3;1;0;2;1;0.3451;0.3451;false;true;true;false;false;3807.87158;4663.76123;336;false;false;false;1422.26868
-0.1;0.05;2;1;3;0;2;0;0.3451;0.3451;false;true;true;false;false;3598.32666;5289.5625;337;false;true;false;1425.95239
0.1;-0.05;0;2;0;3;1;2;0.87843;0.3451;false;true;true;false;false;4014.3894;4827.33252;338;false;false;false;1429.4259
0;0.05;1;3;1;2;0;2;0.59608;0.3451;true;false;true;false;false;3669.51294;4865.43945;339;false;false;false;1433.13
-0.1;0.1;2;0;2;3;1;3;0.87843;0.3451;true;true;true;false;false;3706.55835;4621.70947;340;false;false;false;1436.95374
0.05;0.1;3;1;3;0;2;1;0.47059;0.3451;false;true;true;false;true;3744.83228;3767.45435;343;false;false;false;1440.85046
0.05;0.1;3;0;2;1;3;0;0.59608;0.3451;true;true;false;false;true;3783.67017;3806.99316;343;false;false;false;1444.80432
0.05;0.05;0;2;0;3;1;3;0.59608;0.3451;false;true;true;false;false;4179.34082;3902.60303;343;false;false;false;1454.34375
-0.05;-0.05;1;3;1;0;2;2;0.59608;0.3451;true;true;true;false;false;3917.71802;4500.27393;344;false;false;false;1457.95557
0.05;0.05;2;1;3;0;2;1;0.3451;0.3451;false;true;true;false;false;3963.73145;4266.05811;345;false;false;false;1461.59912
0.1;-0.1;3;0;2;1;3;0;0.47059;0.3451;true;true;true;false;false;3990.57227;4209.98145;346;false;true;false;1465.27283
-0.05;0;0;2;0;1;3;1;0.59608;0.3451;true;true;true;false;false;3999.98145;5500;347;false;true;false;1468.51624
0.05;-0.05;1;2;0;3;1;1;0.3451;0.3451;true;false;true;false;false;4044.49805;5499.98535;348;false;true;false;1471.78967
-0.1;0;0;2;0;3;1;0;0.3451;0.3451;true;true;true;false;false;4404.9502;4705.05664;349;false;true;false;1475.17297
0.1;0.1;2;3;1;0;2;0;0.47059;0.3451;false;true;true;false;false;3999.98145;4810.26807;350;false;true;false;1478.61633
0;0;3;2;0;1;3;0;0.87843;0.3451;true;false;false;false;false;3999.98145;5035.43799;351;false;true;false;1482.01013
0;-0.05;2;0;2;1;3;1;0.87843;0.3451;false;true;false;false;false;4164.52002;4585.15625;352;false;false;false;1485.50354
0;0.05;3;2;0;1;3;0;0.3451;0.3451;true;false;false;false;false;3999.98145;5290.51953;353;false;false;false;1488.98706
0;0.1;3;1;3;0;2;0;0.3451;0.3451;true;false;true;false;false;3999.98145;4825.33643;354;false;true;false;1492.52051
0.1;0;1;0;2;3;1;0;0.87843;0.3451;false;true;true;false;false;4030.06641;4660.2207;355;false;false;false;1496.01428
-0.1;0.05;0;2;0;3;1;0;0.47059;0.3451;true;true;true;false;false;3999.98145;5440.48047;356;false;true;false;1499.43774
0.05;0;1;2;0;3;1;0;0.3451;0.3451;false;false;true;false;false;4809.70117;5215.42041;357;false;true;false;1502.62085
0;-0.1;0;3;1;2;0;0;0.59608;0.3451;true;true;true;false;false;4959.81787;5215.52441;358;false;true;false;1505.77393
0.05;0;2;1;3;0;2;0;0.47059;0.3451;false;false;true;false;false;3999.98145;5500;359;false;true;false;1509.1073
-0.05;0.05;1;0;2;3;1;0;0.87843;0.3451;false;false;true;false;false;4674.70508;5110.41211;360;false;true;false;1512.35059
-0.1;-0.05;3;2;0;1;3;0;0.47059;0.3451;true;true;true;false;true;3999.98145;5455;363;false;false;false;1515.71912
0;-0.05;3;2;0;1;3;0;0.87843;0.3451;true;false;true;false;true;3999.98145;5079.98291;363;false;false;false;1519.12256
-0.1;-0.1;0;2;0;3;1;0;0.59608;0.3451;true;true;false;false;false;3999.98145;3999.98145;363;false;false;false;1528.82422
0.1;-0.05;0;2;0;1;3;2;0.47059;0.3451;false;true;false;false;false;3999.98145;3999.98145;364;false;false;false;1532.57812
-0.05;-0.05;3;1;3;2;0;0;0.87843;0.3451;true;true;true;false;false;3999.98145;3999.98145;365;false;false;false;1536.33215
-0.1;-0.1;3;0;2;1;3;3;0.3451;0.3451;true;true;true;false;false;3999.98145;3999.98145;366;false;false;false;1540.07581
0.05;-0.1;1;2;0;3;1;2;0.87843;0.3451;true;true;true;false;false;3999.98145;3999.98145;367;false;false;false;1543.81946
0;0.05;0;1;3;2;0;0;0.59608;0.3451;true;false;false;false;false;3999.98145;3999.98145;368;false;false;false;1547.56311
0;0.1;0;2;0;1;3;1;0.59608;0.3451;true;false;true;false;false;3999.98145;3999.98145;369;false;false;false;1551.30676
-0.1;0.1;2;1;3;0;2;0;0.3451;0.3451;false;true;true;false;false;3999.98145;3999.98145;370;false;false;false;1555.05042
0.1;0;3;1;3;2;0;2;0.87843;0.3451;false;true;true;false;false;3999.98145;3999.98145;371;false;false;false;1558.79407
-0.05;-0.1;0;2;0;3;1;1;0.3451;0.3451;true;true;true;false;false;3999.98145;4900.30029;372;false;true;false;1562.34778
0;0.1;1;3;1;0;2;0;0.47059;0.3451;false;true;true;false;false;4809.71387;5500;373;false;true;false;1565.42102
-0.1;-0.1;0;1;3;2;0;0;0.87843;0.3451;true;true;true;false;false;4929.8125;5500;374;false;true;false;1568.47424
0;0.05;1;3;1;2;0;0;0.87843;0.3451;false;true;false;false;false;4629.71729;5500;375;false;true;false;1571.55725
-0.05;0.05;3;1;3;2;0;0;0.87843;0.3451;true;true;false;false;false;5500;5305.45361;376;true;true;false;1574.43005
-0.1;0;1;2;0;3;1;1;0.47059;0.3451;true;true;false;false;false;4794.7207;3999.98145;377;false;false;false;1577.8833
-0.05;0.1;2;1;3;0;2;0;0.59608;0.3451;false;true;true;false;false;4479.9834;5500;378;false;true;false;1581.1167
-0.1;0.1;1;2;0;3;1;0;0.47059;0.3451;false;true;true;false;false;4824.98975;4855.05225;379;false;true;false;1584.37988
0.05;-0.1;1;3;1;0;2;0;0.59608;0.3451;false;true;false;false;false;4765;5440.27734;380;false;true;false;1587.51294
-0.1;0;1;3;1;2;0;2;0.87843;0.3451;true;true;true;false;true;4231.81299;5049.98145;383;false;false;false;1590.90173
0;-0.05;0;1;3;2;0;0;0.3451;0.3451;true;false;true;false;true;4210.05811;5155.42627;383;false;true;false;1594.3551
0.1;-0.1;2;0;2;3;1;0;0.59608;0.3451;false;true;false;false;false;2627.8147;5127.99121;383;false;true;false;1605.17627
0;0.05;0;3;1;2;0;0;0.87843;0.3451;true;true;false;false;false;3372.41113;5196.17627;384;false;true;false;1609.01013
0;-0.05;1;2;0;3;1;1;0.47059;0.3451;true;false;true;false;false;3909.42065;3049.21997;385;false;false;false;1613.41443
0;0;3;2;0;1;3;1;0.47059;0.3451;false;false;true;false;false;3885.94751;2781.50122;386;true;false;false;1618.31946
0.05;-0.05;2;0;2;3;1;0;0.3451;0.3451;false;true;false;false;false;4202.22461;2829.65942;387;true;false;false;1623.11426
-0.1;-0.05;0;3;1;2;0;0;0.59608;0.3451;true;false;true;false;false;2849.38403;2880.32153;388;true;false;false;1628.15955
-0.1;0.05;1;3;1;0;2;1;0.59608;0.3451;true;true;true;false;false;2901.54761;2929.98145;389;false;false;false;1633.12439
0.05;0.05;0;1;3;2;0;2;0.87843;0.3451;false;true;true;false;false;2950.90723;4421.87793;390;false;true;false;1637.73755
0.1;0;2;0;2;3;1;1;0.59608;0.3451;false;true;false;false;false;2996.14502;3767.04468;391;false;false;false;1642.4624
-0.05;0.1;0;2;0;3;1;0;0.3451;0.3451;true;true;true;false;false;3168.88208;3730.00293;392;false;false;false;1646.87671
-0.05;-0.1;2;1;3;0;2;0;0.59608;0.3451;false;true;false;false;false;3087.83911;3998.44971;393;false;false;false;1651.23145
0.05;-0.05;1;2;0;3;1;0;0.59608;0.3451;false;false;false;false;false;3131.18237;3159.40991;394;false;false;false;1656.00623
-0.1;0;0;1;3;2;0;0;0.3451;0.3451;true;true;false;false;false;3178.62866;3355.31885;395;false;false;false;1660.44055
0;-0.05;3;1;3;2;0;0;0.3451;0.3451;true;false;true;false;false;3222.97388;4238.73291;396;false;false;false;1664.62488
-0.1;-0.1;2;0;2;1;3;3;0.47059;0.3451;true;true;true;false;false;3264.52295;3290.45508;397;false;false;false;1669.07935
0.1;-0.05;0;3;1;2;0;0;0.47059;0.3451;true;true;true;false;false;3308.97705;3335.70996;398;false;false;false;1673.59412
-0.1;0.05;0;3;1;2;0;2;0.47059;0.3451;false;true;true;false;false;3353.93164;3588.86426;399;false;true;false;1677.93835
0;0;1;3;1;2;0;1;0.3451;0.3451;true;false;false;false;false;3396.08301;3422.01489;400;false;false;false;1682.21277
-0.05;0.1;2;0;2;1;3;1;0.87843;0.3451;false;false;true;false;true;3439.3689;3464.99609;403;false;false;false;1686.50073
0.1;0.1;0;2;0;1;3;2;0.87843;0.3451;false;true;true;false;true;3482.61328;3724.13232;403;false;false;false;1690.69519
-0.1;0;2;3;1;0;2;2;0.87843;0.3451;true;true;false;false;false;3587.60645;3612.23071;403;false;false;false;1701.20361
0.1;-0.05;1;3;1;0;2;3;0.87843;0.3451;false;true;true;false;false;3629.24731;3653.57153;404;false;false;false;1705.32764
0.05;0.05;2;0;2;1;3;0;0.47059;0.3451;false;true;false;false;false;3670.38892;3694.41382;405;false;false;false;1709.40173
-0.05;0.1;1;3;1;2;0;1;0.47059;0.3451;true;true;false;false;false;3710.92993;3734.75317;406;false;false;false;1713.43567
-0.1;0;0;2;0;3;1;0;0.59608;0.3451;true;true;true;false;false;3751.06909;3774.59204;407;false;false;false;1717.41956
-0.05;-0.1;3;0;2;1;3;3;0.47059;0.3451;true;true;true;false;false;3790.80981;3814.1377;408;false;false;false;1721.35339
-0.1;0.1;1;2;0;3;1;0;0.59608;0.3451;false;true;true;false;false;3830.15796;3853.18604;409;false;false;false;1725.2572
0.1;0.05;2;0;2;1;3;1;0.47059;0.3451;false;true;true;false;false;3869.00586;3891.8335;410;false;false;false;1729.11121
-0.05;0.05;1;2;0;3;1;0;0.3451;0.3451;false;true;true;false;false;3907.55249;3930.18042;411;false;false;false;1732.93506
0;-0.05;3;2;0;1;3;0;0.3451;0.3451;true;false;true;false;false;3945.69922;3968.02661;412;false;false;false;1736.71899
0.05;0.05;1;2;0;3;1;0;0.3451;0.3451;false;false;true;false;false;3983.44531;3999.96509;413;false;false;false;1740.47278
-0.1;0.05;3;1;3;0;2;0;0.3451;0.3451;true;true;true;false;false;3999.96509;3999.96509;414;false;false;false;1744.21667
-0.1;-0.05;1;0;2;3;1;2;0.59608;0.3451;true;true;true;false;false;3999.96509;3999.96509;415;false;false;false;1747.96057
0.1;0.1;3;0;2;1;3;1;0.47059;0.3451;false;true;true;false;false;3999.96509;3999.96509;416;false;false;false;1751.70435
-0.05;-0.1;3;2;0;1;3;0;0.87843;0.3451;true;true;true;false;false;3999.96509;4870.28564;417;false;true;false;1755.26782
-0.05;0;2;0;2;1;3;0;0.59608;0.3451;false;false;false;false;false;3999.96509;4074.96509;418;false;true;false;1758.88953
0;0.05;3;2;0;1;3;1;0.47059;0.3451;false;false;true;false;false;3999.96509;4074.88672;419;false;false;false;1762.57324
0.05;0.05;3;1;3;0;2;2;0.59608;0.3451;false;true;false;false;false;3999.96509;3999.96509;420;false;false;false;1766.31689
0.05;0.1;3;1;3;2;0;1;0.87843;0.3451;false;true;false;false;true;3999.96509;3999.96509;423;false;false;false;1770.06262
-0.1;0.1;3;0;2;1;3;2;0.47059;0.3451;false;true;true;false;true;3999.96509;3999.96509;423;false;false;false;1773.80627
-0.05;0;1;0;2;3;1;2;0.3451;0.3451;true;true;false;false;false;3999.96509;3999.96509;423;false;false;false;1783.53577
0.1;-0.05;3;1;3;2;0;1;0.59608;0.3451;false;true;true;false;false;3999.96509;3999.96509;424;false;false;false;1787.27942
0;0.05;0;2;0;3;1;3;0.59608;0.3451;false;true;true;false;false;3999.96509;3999.96509;425;false;false;false;1791.03308
0;0.05;1;0;2;3;1;3;0.3451;0.3451;false;false;true;false;false;3999.96509;3999.96509;426;false;false;false;1794.77698
0;-0.1;0;2;0;3;1;3;0.3451;0.3451;false;true;false;false;false;3999.96509;3999.96509;427;false;false;false;1798.52075
0.05;0;0;1;3;2;0;2;0.87843;0.3451;false;true;true;false;false;3999.96509;3999.96509;428;false;false;false;1802.2644
0;-0.1;0;3;1;2;0;0;0.3451;0.3451;true;true;true;false;false;3999.96509;3999.96509;429;false;false;false;1806.00806
0.05;0.1;2;0;2;3;1;1;0.47059;0.3451;false;true;false;false;false;3999.96509;3999.96509;430;false;false;false;1809.75171
-0.05;0;1;2;0;3;1;1;0.59608;0.3451;true;true;false;false;false;3999.96509;3999.96509;431;false;false;false;1813.49536
-0.1;0.1;0;2;0;3;1;0;0.87843;0.3451;true;true;true;false;false;3999.96509;3999.96509;432;false;false;false;1817.23682
-0.1;0.05;2;0;2;1;3;2;0.47059;0.3451;true;true;true;false;false;3999.96509;3999.96509;433;false;false;false;1820.98047
0;0.05;0;2;0;1;3;0;0.47059;0.3451;true;false;false;false;false;3999.96509;3999.96509;434;false;false;false;1824.72485
0.05;0.1;1;0;2;3;1;1;0.87843;0.3451;true;true;false;false;false;3999.96509;3999.96509;435;false;false;false;1828.46863
0;0;0;1;3;2;0;0;0.87843;0.3451;true;false;false;false;false;3999.96509;3999.96509;436;false;false;false;1832.21252
0.1;-0.05;3;1;3;0;2;0;0.47059;0.3451;true;false;false;false;false;3999.96509;3999.96509;437;false;false;false;1835.95618
0.05;0;1;3;1;2;0;0;0.59608;0.3451;false;true;false;false;false;3999.96509;5124.96533;438;false;true;false;1839.45959
-0.1;-0.05;2;1;3;0;2;0;0.3451;0.3451;false;true;false;false;false;4120;5500;439;false;true;false;1842.68274
0.1;0.05;1;3;1;0;2;0;0.59608;0.3451;false;true;true;false;false;4660;5289.96533;440;false;true;false;1845.88586
0;0.1;1;3;1;0;2;0;0.47059;0.3451;false;true;true;false;true;4750;5500;443;false;true;false;1848.99353
0.05;-0.05;1;2;0;3;1;2;0.47059;0.3451;true;true;true;false;true;4420;5184.96533;443;false;true;false;1852.26672
0.05;-0.05;1;2;0;3;1;2;0.87843;0.3451;true;true;true;false;false;3999.96509;3999.96509;443;false;false;false;1861.79602
0.1;0;2;0;2;3;1;1;0.87843;0.3451;false;true;false;false;false;3999.96509;3999.96509;444;false;false;false;1865.54968
0.05;-0.1;1;3;1;2;0;0;0.87843;0.3451;false;true;true;false;false;3999.96509;3999.96509;445;false;false;false;1869.28333
0.05;0;1;0;2;3;1;1;0.3451;0.3451;true;true;false;false;false;3999.96509;3999.96509;446;false;false;false;1873.02698
-0.05;-0.05;3;2;0;1;3;2;0.3451;0.3451;false;false;false;false;false;3999.96509;5215.00195;447;false;true;false;1876.51038
-0.05;-0.1;2;1;3;0;2;3;0.3451;0.3451;true;true;true;false;false;5260;4839.9707;448;false;true;false;1879.672
0;-0.05;1;3;1;0;2;0;0.87843;0.3451;false;true;false;false;false;5109.8877;5500;449;false;true;false;1882.70496
-0.1;-0.1;1;3;1;2;0;1;0.47059;0.3451;true;true;true;false;false;5094.88232;4990.35645;450;false;true;false;1885.87805
-0.05;0;1;3;1;0;2;0;0.87843;0.3451;false;false;true;false;false;4734.70996;5275.42627;451;false;true;false;1889.06116
-0.1;-0.05;1;3;1;0;2;1;0.59608;0.3451;true;true;false;false;false;4944.69824;5215.37988;452;false;true;false;1892.21423
-0.05;-0.05;2;0;2;1;3;0;0.59608;0.3451;false;false;true;false;false;3999.96509;3999.96509;453;false;false;false;1895.92896
-0.1;-0.05;2;3;1;0;2;1;0.87843;0.3451;false;true;false;false;false;3999.96509;5500;454;false;true;false;1899.34229
0.05;0.1;1;3;1;2;0;1;0.3451;0.3451;true;false;false;false;false;3999.96509;5005.56982;455;false;false;false;1902.70557
-0.05;0.05;0;3;1;2;0;0;0.59608;0.3451;true;false;false;false;false;3999.96509;5170.41699;456;false;true;false;1906.18909
0;0.1;1;3;1;2;0;0;0.87843;0.3451;false;true;false;false;false;3999.96509;5470.5249;457;false;true;false;1909.4823
-0.05;0.05;1;3;1;2;0;0;0.59608;0.3451;false;false;false;false;false;3999.96509;5455.53223;458;false;true;false;1912.81567
0;0;1;3;1;2;0;1;0.59608;0.3451;true;false;false;false;false;3999.96509;3999.96509;459;false;false;false;1916.48926
-0.1;0;0;2;0;3;1;0;0.87843;0.3451;true;true;true;false;false;3999.96509;3999.96509;460;false;false;false;1920.23291
0.1;0;0;2;0;3;1;3;0.3451;0.3451;false;true;true;false;true;3999.96509;3999.96509;463;false;false;false;1923.96997
0.1;0;1;2;0;3;1;2;0.59608;0.3451;true;true;false;false;true;3999.96509;5290.021;463;false;true;false;1927.43335
-0.1;-0.1;1;0;2;3;1;2;0.87843;0.3451;true;true;true;false;false;3999.96509;3999.96509;463;false;false;false;1935.96204
-0.1;0.05;0;2;0;1;3;1;0.59608;0.3451;true;true;true;false;false;3999.96509;3999.96509;464;false;false;false;1939.71375
0.1;0;0;3;1;2;0;0;0.3451;0.3451;true;true;false;false;false;3999.96509;3999.96509;465;false;false;false;1943.46777
0.1;-0.05;3;0;2;1;3;0;0.87843;0.3451;true;true;true;false;false;3999.96509;3999.96509;466;false;false;false;1947.21143
-0.05;0;1;3;1;2;0;0;0.47059;0.3451;false;false;false;false;false;3999.96509;3999.96509;467;false;false;false;1950.95508
0;0.1;3;0;2;1;3;1;0.47059;0.3451;false;true;true;false;false;3999.96509;3999.96509;468;false;false;false;1954.69873
0.1;0.05;0;3;1;2;0;0;0.59608;0.3451;true;true;false;false;false;3999.96509;3999.96509;469;false;false;false;1958.44238
-0.05;-0.05;2;0;2;3;1;2;0.47059;0.3451;true;true;true;false;false;3999.96509;3999.96509;470;false;false;false;1962.18604
-0.05;-0.1;0;2;0;3;1;1;0.47059;0.3451;true;true;true;false;false;3999.96509;3999.96509;471;false;false;false;1965.92969
-0.1;0.1;1;2;0;3;1;0;0.3451;0.3451;false;true;true;false;false;3999.96509;3999.96509;472;false;false;false;1969.67358
0.1;-0.1;2;0;2;3;1;1;0.87843;0.3451;false;true;true;false;false;3999.96509;5469.9707;473;false;true;false;1973.08704
0.05;-0.1;0;2;0;3;1;1;0.47059;0.3451;true;false;true;false;false;4149.98975;5395.06592;474;false;true;false;1976.36023
-0.05;0.05;2;3;1;0;2;0;0.87843;0.3451;false;false;true;false;false;4525;5109.96533;475;false;true;false;1979.62341
0.1;-0.05;2;3;1;0;2;0;0.3451;0.3451;false;true;false;false;false;5110;4584.97021;476;false;true;false;1982.89746
0.1;-0.1;0;1;3;2;0;0;0.59608;0.3451;true;false;true;false;false;3999.96509;5335.01855;477;false;true;false;1986.3208
0;-0.1;0;1;3;2;0;1;0.47059;0.3451;true;true;true;false;false;4404.98096;3999.96509;478;false;false;false;1989.85437
0;0;3;0;2;1;3;0;0.47059;0.3451;true;true;false;false;false;3999.96509;3999.96509;479;false;false;false;1993.59827
0.1;0.1;1;2;0;3;1;0;0.3451;0.3451;false;false;true;false;false;3999.96509;4825.35303;480;false;false;false;1997.19031
0.05;-0.1;1;3;1;0;2;3;0.59608;0.3451;false;true;true;false;true;3999.96509;3999.96509;483;false;false;false;2000.93884
0.1;-0.05;2;3;1;0;2;0;0.59608;0.3451;false;true;false;false;true;3999.96509;3999.96509;483;false;false;false;2004.6825
0.1;-0.1;1;0;2;3;1;1;0.3451;0.3451;true;true;true;false;false;3999.96509;3999.96509;483;false;false;false;2014.40222
-0.1;-0.1;2;1;3;0;2;0;0.59608;0.3451;false;true;false;false;false;3999.96509;4779.96924;484;false;true;false;2017.98572
0;-0.1;2;0;2;1;3;0;0.47059;0.3451;false;true;true;false;false;4104.55225;3999.96509;485;false;false;false;2021.59131
0;-0.05;0;2;0;1;3;0;0.47059;0.3451;true;false;true;false;false;3999.96509;5049.97852;486;false;false;false;2025.08472
0.1;0;1;3;1;2;0;0;0.59608;0.3451;false;true;false;false;false;3999.96509;5230.44678;487;false;false;false;2028.55835
0;0;0;2;0;1;3;0;0.3451;0.3451;true;false;false;false;false;3999.96509;4615.13574;488;false;false;false;2032.0719
-0.1;0.1;2;0;2;1;3;1;0.47059;0.3451;false;false;true;false;false;3999.96509;3999.96509;489;false;false;false;2035.81555
0.1;0.1;2;3;1;0;2;1;0.59608;0.3451;false;false;true;false;false;3999.96509;4704.93701;490;false;false;false;2039.4292
-0.1;-0.1;2;0;2;1;3;0;0.3451;0.3451;false;false;true;false;false;3999.96509;4359.99365;491;false;false;false;2043.10291
-0.05;-0.05;2;1;3;0;2;3;0.87843;0.3451;true;true;true;false;false;3999.96509;3999.96509;492;false;false;false;2046.84668
0.1;-0.05;2;0;2;1;3;0;0.3451;0.3451;false;true;true;false;false;3999.96509;3999.96509;493;false;false;false;2050.59033
-0.05;0.05;3;0;2;1;3;1;0.47059;0.3451;false;false;true;false;false;3999.96509;3999.96509;494;false;false;false;2054.33398
0.05;0.1;3;2;0;1;3;1;0.3451;0.3451;false;false;true;false;false;3999.96509;3999.96509;495;false;false;false;2058.07593
0;0.05;0;1;3;2;0;3;0.87843;0.3451;false;false;true;false;false;3999.96509;3999.96509;496;false;false;false;2061.81958
-0.1;0;0;3;1;2;0;2;0.59608;0.3451;false;true;true;false;false;3999.96509;3999.96509;497;false;false;false;2065.56567
-0.1;0.05;2;3;1;0;2;1;0.3451;0.3451;false;true;true;false;false;3999.96509;5305.02881;498;false;true;false;2069.01904
0.05;-0.05;2;1;3;0;2;3;0.3451;0.3451;true;false;true;false;false;3999.96509;3999.96509;499;false;false;false;2072.64258
0.05;0.05;2;0;2;3;1;0;0.87843;0.3451;false;true;true;false;false;3999.96509;3999.96509;500;false;false;false;2076.38623
-0.1;0.05;1;3;1;2;0;1;0.87843;0.3451;true;true;false;false;true;3999.96509;3999.96509;503;false;false;false;2080.13379
0.1;0.1;0;3;1;2;0;0;0.87843;0.3451;true;true;false;false;true;3999.96509;3999.96509;503;false;false;false;2083.87744
0.05;0.05;0;2;0;3;1;3;0.47059;0.3451;false;true;true;false;false;3999.96509;3999.96509;503;false;false;false;2093.52686
-0.1;0;2;0;2;1;3;2;0.47059;0.3451;true;true;true;false;false;3999.96509;4554.77783;504;false;false;false;2097.07031
0.1;-0.1;1;3;1;0;2;0;0.59608;0.3451;false;true;false;false;false;3999.96509;3999.96509;505;false;false;false;2100.82397
0;-0.1;0;3;1;2;0;0;0.59608;0.3451;true;true;true;false;false;3999.96509;3999.96509;506;false;false;false;2104.56763
0.05;0;1;0;2;3;1;0;0.3451;0.3451;false;true;true;false;false;3999.96509;4870.03564;507;false;false;false;2108.06104
0.05;0.1;3;2;0;1;3;1;0.87843;0.3451;false;false;true;false;false;3999.96509;3999.96509;508;false;false;false;2111.80469
-0.1;-0.05;0;1;3;2;0;0;0.59608;0.3451;true;true;true;false;false;3999.96509;4285.08301;509;false;false;false;2115.39819
-0.1;0.1;3;2;0;1;3;1;0.47059;0.3451;false;true;true;false;false;3999.96509;3999.96509;510;false;false;false;2119.14185
-0.1;-0.05;2;0;2;1;3;3;0.47059;0.3451;true;true;true;false;false;3999.96509;3999.96509;511;false;false;false;2122.87549
0.05;-0.1;0;3;1;2;0;0;0.59608;0.3451;true;true;true;false;false;3999.96509;3999.96509;512;false;false;false;2126.61914
-0.05;0;1;2;0;3;1;0;0.47059;0.3451;false;true;true;false;false;3999.96509;3999.96509;513;false;false;false;2130.36279
0.05;0;2;0;2;3;1;0;0.59608;0.3451;false;true;true;false;false;3999.96509;3999.96509;514;false;false;false;2134.10645
-0.05;0.05;1;3;1;2;0;2;0.3451;0.3451;true;true;true;false;false;3999.96509;3999.96509;515;false;false;false;2137.8501
0;0;1;3;1;0;2;0;0.59608;0.3451;false;true;true;false;false;3999.96509;3999.96509;516;false;false;false;2141.5918
0;0.1;3;1;3;0;2;0;0.87843;0.3451;true;false;true;false;false;3999.96509;3999.96509;517;false;false;false;2145.33545
-0.05;0.05;3;2;0;1;3;0;0.59608;0.3451;true;true;false;false;false;3999.96509;3999.96509;518;false;false;false;2149.0791
0;-0.1;3;1;3;0;2;3;0.47059;0.3451;true;false;true;false;false;3999.96509;3999.96509;519;false;false;false;2152.82275
0.1;0.1;1;3;1;0;2;0;0.47059;0.3451;false;true;true;false;false;3999.96509;3999.96509;520;false;false;false;2156.56641
-0.05;0.1;0;2;0;1;3;0;0.47059;0.3451;true;true;false;false;true;3999.96509;3999.96509;523;false;false;false;2160.31274
0;0.1;0;1;3;2;0;0;0.87843;0.3451;true;false;false;false;true;3999.96509;3999.96509;523;false;false;false;2164.0564
-0.1;-0.1;3;1;3;2;0;0;0.87843;0.3451;true;true;true;false;false;3999.96509;4525.05029;523;false;true;false;2173.72583
-0.1;0;0;1;3;2;0;0;0.59608;0.3451;true;true;false;false;false;3999.96509;3999.96509;524;false;false;false;2177.47974
0;0;1;3;1;2;0;0;0.47059;0.3451;false;true;false;false;false;3999.96509;3999.96509;525;false;false;false;2181.2334
-0.1;0.1;3;1;3;2;0;0;0.59608;0.3451;true;true;false;false;false;3999.96509;3999.96509;526;false;false;false;2184.97998
0.05;0.05;3;1;3;2;0;0;0.87843;0.3451;true;false;false;false;false;3999.96509;3999.96509;527;false;false;false;2188.63354
-0.1;-0.1;3;2;0;1;3;-1;0.59608;0.3451;false;false;false;false;false;3999.96509;-1;528;false;false;false;2192.3772
-0.1;-0.05;1;2;0;3;1;3;0.3451;0.3451;false;false;false;false;false;3999.96509;3999.96509;529;false;false;false;2196.12305
0.05;0.1;0;3;1;2;0;0;0.59608;0.3451;true;true;false;false;false;3999.96509;3999.96509;530;false;false;false;2199.86475
-0.05;-0.05;2;1;3;0;2;3;0.87843;0.3451;true;true;true;false;false;3999.96509;3999.96509;531;false;false;false;2203.6084
0;-0.05;3;1;3;0;2;0;0.59608;0.3451;true;false;false;false;false;3999.96509;3999.96509;532;false;false;false;2207.35205
0.05;-0.1;2;1;3;0;2;2;0.87843;0.3451;true;true;true;false;false;3999.96509;3999.96509;533;false;false;false;2211.0957
-0.05;-0.05;3;1;3;2;0;3;0.59608;0.3451;true;true;false;false;false;3999.96509;3999.96509;534;false;false;false;2214.83936
0;0.05;3;1;3;2;0;0;0.87843;0.3451;true;false;false;false;false;3999.96509;3999.96509;535;false;false;false;2218.58301
0;0.05;3;1;3;2;0;0;0.59608;0.3451;true;false;false;false;false;3999.96509;3999.96509;536;false;false;false;2222.32666
0.1;0.05;1;3;1;0;2;0;0.3451;0.3451;false;true;true;false;false;3999.96509;4884.97412;537;false;true;false;2225.88013
0.05;-0.1;0;2;0;3;1;1;0.59608;0.3451;true;false;true;false;false;4285;5245.47949;538;false;true;false;2229.17334
0;-0.05;1;0;2;3;1;1;0.59608;0.3451;true;true;true;false;false;3999.96509;5425.51221;539;false;true;false;2232.54663
0.05;0.05;1;3;1;0;2;0;0.3451;0.3451;false;true;true;false;false;3999.96509;5470.02783;540;false;true;false;2235.8999
0.1;0.05;2;0;2;3;1;3;0.47059;0.3451;true;false;true;false;true;4435;5079.96777;543;false;false;false;2239.22656
0.05;-0.1;2;0;2;3;1;1;0.47059;0.3451;false;true;true;false;true;3999.96509;5259.9834;543;false;false;false;2242.71997
0;0;3;2;0;1;3;0;0.3451;0.3451;true;false;false;false;false;3999.96509;3999.96509;543;false;false;false;2252.40942
0.1;0;0;2;0;3;1;0;0.47059;0.3451;true;false;true;false;false;3999.96509;3999.96509;544;false;false;false;2256.16357
-0.05;0;1;0;2;3;1;0;0.87843;0.3451;false;false;true;false;false;3999.96509;3999.96509;545;false;false;false;2259.91602
0.05;-0.05;0;3;1;2;0;0;0.47059;0.3451;true;true;true;false;false;3999.96509;3999.96509;546;false;false;false;2263.65967
0;0.1;3;0;2;1;3;1;0.3451;0.3451;false;true;true;false;false;3999.96509;3999.96509;547;false;false;false;2267.40381
-0.05;-0.1;0;1;3;2;0;0;0.3451;0.3451;true;true;true;false;false;3999.96509;3999.96509;548;false;false;false;2271.14746
0.05;-0.05;2;0;2;1;3;0;0.47059;0.3451;false;true;true;false;false;3999.96509;3999.96509;549;false;false;false;2274.89111
-0.1;-0.05;0;3;1;2;0;1;0.87843;0.3451;true;true;true;false;false;3999.96509;3999.96509;550;false;false;false;2278.62476
0.1;-0.1;1;0;2;3;1;1;0.47059;0.3451;true;true;true;false;false;3999.96509;3999.96509;551;false;false;false;2282.36841
0;-0.1;1;2;0;3;1;1;0.3451;0.3451;true;false;true;false;false;3999.96509;3999.96509;552;false;false;false;2286.11206
0.1;0.05;1;2;0;3;1;0;0.59608;0.3451;false;false;true;false;false;3999.96509;3999.96509;553;false;false;false;2289.85571
-0.05;-0.05;2;0;2;3;1;0;0.3451;0.3451;false;false;false;false;false;3999.96509;3999.96509;554;false;false;false;2293.59937
0;-0.05;0;1;3;2;0;0;0.47059;0.3451;true;false;true;false;false;3999.96509;3999.96509;555;false;false;false;2297.34302
0;0.1;0;2;0;1;3;0;0.59608;0.3451;true;false;false;false;false;3999.96509;3999.96509;556;false;false;false;2301.08667
-0.05;0.1;3;2;0;1;3;0;0.3451;0.3451;true;true;false;false;false;3999.96509;3999.96509;557;false;false;false;2304.83032
0;-0.05;3;0;2;1;3;0;0.3451;0.3451;true;true;true;false;false;3999.96509;3999.96509;558;false;false;false;2308.57397
0.05;-0.1;3;1;3;2;0;1;0.3451;0.3451;false;true;true;false;false;3999.96509;5500;559;false;true;false;2311.92407
0.1;0;1;0;2;3;1;0;0.47059;0.3451;false;true;true;false;false;3999.96509;5319.98926;560;false;true;false;2315.25806
-0.1;0;2;3;1;0;2;1;0.87843;0.3451;false;true;true;false;true;4524.87793;5500;563;false;true;false;2318.40405
0.05;0.05;1;3;1;0;2;0;0.59608;0.3451;false;true;true;false;true;3999.96509;5470;563;false;false;false;2321.70728
-0.05;-0.1;3;1;3;0;2;3;0.47059;0.3451;true;true;true;false;false;3999.96509;4614.96533;563;false;false;false;2331.18652
0;-0.05;3;0;2;1;3;1;0.87843;0.3451;false;true;false;false;false;3999.96509;5379.9668;564;false;true;false;2334.63989
0;0;0;2;0;1;3;1;0.87843;0.3451;true;false;true;false;false;3999.96509;5500;565;false;true;false;2337.93311
-0.1;0.1;0;2;0;1;3;1;0.3451;0.3451;true;true;true;false;false;3999.96509;5409.96533;566;false;true;false;2341.26636
-0.1;-0.05;3;1;3;0;2;1;0.59608;0.3451;false;false;false;false;false;3999.96509;5500;567;false;true;false;2344.53955
-0.05;0.05;0;1;3;2;0;0;0.3451;0.3451;true;true;false;false;false;4539.97998;5319.96533;568;false;true;false;2347.75269
0;0.05;0;1;3;2;0;3;0.87843;0.3451;false;false;true;false;false;3999.96509;5305.45996;569;false;false;false;2351.09668
0.1;-0.05;2;0;2;3;1;1;0.59608;0.3451;false;true;true;false;false;3999.96509;5439.97266;570;false;false;false;2354.5
-0.1;0.05;3;2;0;1;3;1;0.87843;0.3451;false;true;true;false;false;3999.96509;5019.96826;571;false;false;false;2357.90405
-0.05;0.05;3;1;3;2;0;0;0.87843;0.3451;true;true;false;false;false;3999.96509;5454.96533;572;false;true;false;2361.32788
-0.1;0.1;2;1;3;0;2;1;0.87843;0.3451;false;false;true;false;false;3999.96509;4899.96533;573;false;true;false;2364.76123
0.1;-0.05;2;3;1;0;2;0;0.87843;0.3451;false;true;false;false;false;3999.96509;4495.1167;574;false;true;false;2368.33472
0.1;0.05;1;0;2;3;1;0;0.47059;0.3451;false;true;true;false;false;3999.96509;5305.43213;575;false;true;false;2371.65796
0.05;0;2;1;3;0;2;0;0.47059;0.3451;false;false;true;false;false;3999.96509;5139.98047;576;false;false;false;2375.0603
-0.1;-0.1;3;1;3;2;0;0;0.47059;0.3451;true;true;true;false;false;3999.96509;5394.96533;577;false;true;false;2378.48364
-0.1;0;2;0;2;1;3;0;0.87843;0.3451;false;false;false;false;false;3999.96509;4870.29883;578;false;true;false;2381.97729
0;-0.1;2;0;2;3;1;1;0.3451;0.3451;false;true;true;false;false;3999.96509;5319.96533;579;false;true;false;2385.43066
0.1;0.1;2;3;1;0;2;0;0.3451;0.3451;false;true;true;false;false;3999.96509;5184.96533;580;false;true;false;2388.86401
0.1;-0.05;2;3;1;0;2;1;0.3451;0.3451;false;false;false;false;true;3999.96509;3999.96509;583;false;false;false;2392.54175
-0.05;0.05;0;1;3;2;0;0;0.87843;0.3451;true;true;false;false;true;4119.98682;3999.96509;583;false;false;false;2396.22534
0.1;0;2;0;2;1;3;0;0.59608;0.3451;false;true;false;false;false;3999.96509;3999.96509;583;false;false;false;2405.94482
0.1;0.1;0;1;3;2;0;2;0.59608;0.3451;false;true;true;false;false;3999.96509;3999.96509;584;false;false;false;2409.69849
-0.1;0.05;0;2;0;3;1;0;0.3451;0.3451;true;true;true;false;false;3999.96509;3999.96509;585;false;false;false;2413.45215
-0.1;-0.1;1;0;2;3;1;0;0.3451;0.3451;false;false;false;false;false;3999.96509;3999.96509;586;false;false;false;2417.19604
0.05;0;2;0;2;1;3;1;0.3451;0.3451;false;true;true;false;false;3999.96509;3999.96509;587;false;false;false;2420.92969
0.05;-0.05;0;3;1;2;0;0;0.59608;0.3451;true;true;true;false;false;3999.96509;3999.96509;588;false;false;false;2424.67334
-0.05;0;1;2;0;3;1;0;0.3451;0.3451;false;true;true;false;false;3999.96509;3999.96509;589;false;false;false;2428.41699
-0.1;0.1;1;2;0;3;1;3;0.3451;0.3451;false;false;true;false;false;3999.96509;3999.96509;590;false;false;false;2432.15845
0.1;-0.05;3;1;3;0;2;1;0.47059;0.3451;false;true;false;false;false;3999.96509;3999.96509;591;false;false;false;2435.9021
-0.05;-0.05;1;2;0;3;1;2;0.47059;0.3451;true;false;true;false;false;3999.96509;5034.96533;592;false;true;false;2439.42847
0.05;-0.1;0;1;3;2;0;3;0.47059;0.3451;false;false;false;false;false;4194.93555;5409.98047;593;false;true;false;2442.69165
0.1;0.05;2;1;3;0;2;2;0.87843;0.3451;true;true;false;false;false;3999.96509;5154.97021;594;false;true;false;2446.08496
-0.1;-0.05;3;1;3;2;0;0;0.87843;0.3451;true;true;true;false;false;3999.96509;3999.96509;595;false;false;false;2449.79858
0.1;0.05;3;0;2;1;3;2;0.3451;0.3451;false;false;true;false;false;3999.96509;3999.96509;596;false;false;false;2453.54248
0.1;-0.05;1;3;1;0;2;0;0.87843;0.3451;false;true;false;false;false;3999.96509;4764.96533;597;false;false;false;2457.18604
0.1;-0.1;1;2;0;3;1;1;0.87843;0.3451;true;false;true;false;false;3999.96509;3999.96509;598;false;false;false;2460.90967
0;0.05;1;2;0;3;1;2;0.47059;0.3451;true;true;false;false;false;3999.96509;3999.96509;599;false;false;false;2464.65332
-0.05;0.1;0;2;0;1;3;1;0.59608;0.3451;true;true;true;false;false;3999.96509;3999.96509;600;false;false;false;2468.39697
0.1;0;3;0;2;1;3;1;0.3451;0.3451;false;true;true;false;true;3999.96509;3999.96509;603;false;false;false;2472.1355
0.1;0.1;0;2;0;1;3;0;0.87843;0.3451;true;false;false;false;true;3999.96509;3999.96509;603;false;false;false;2475.87988
0;-0.1;3;1;3;2;0;0;0.87843;0.3451;true;false;true;false;false;3999.96509;5094.97314;603;false;true;false;2485.37085
0.05;0.05;1;3;1;2;0;0;0.87843;0.3451;false;true;false;false;false;4014.99805;5259.96533;604;false;true;false;2488.71411
-0.1;0;2;3;1;0;2;2;0.3451;0.3451;true;true;false;false;false;3999.96509;5275.05566;605;false;true;false;2492.09619
0.1;0.1;0;1;3;2;0;2;0.47059;0.3451;false;true;true;false;false;4179.95996;5169.98145;606;false;true;false;2495.41943
0.1;-0.1;0;1;3;2;0;1;0.59608;0.3451;true;true;true;false;false;4134.93652;5500;607;false;true;false;2498.64258
0;0;0;2;0;3;1;1;0.3451;0.3451;true;false;false;false;false;4600;5500;608;false;true;false;2501.80566
-0.05;-0.1;3;1;3;2;0;1;0.3451;0.3451;false;false;true;false;false;4780;5020.40771;609;false;true;false;2505.03882
0.1;-0.05;2;0;2;3;1;1;0.3451;0.3451;false;true;true;false;false;4119.47656;5394.92188;610;false;false;false;2508.26196
-0.1;0.1;2;3;1;0;2;1;0.3451;0.3451;false;true;true;false;false;3999.96509;5500;611;false;true;false;2511.60522
-0.1;-0.05;3;0;2;1;3;2;0.87843;0.3451;false;true;false;false;false;3999.96509;5500;612;false;true;false;2514.87842
0.1;0.05;2;0;2;1;3;1;0.47059;0.3451;false;true;true;false;false;3999.96509;5500;613;false;true;false;2518.1416
-0.1;0;3;1;3;2;0;0;0.87843;0.3451;true;true;false;false;false;4104.4751;5095.41211;614;false;true;false;2521.49487
-0.05;0.05;0;3;1;2;0;2;0.59608;0.3451;false;true;true;false;false;4209.3457;5500;615;false;true;false;2524.71826
-0.05;0.1;3;1;3;0;2;1;0.87843;0.3451;false;false;true;false;false;4164.43506;5110.42871;616;false;true;false;2528.06201
-0.1;0.05;1;0;2;3;1;2;0.47059;0.3451;true;true;false;false;false;3999.96509;3999.96509;617;false;false;false;2531.69556
0.05;0.05;0;2;0;1;3;2;0.47059;0.3451;false;true;true;false;false;3999.96509;4585.27441;618;false;false;false;2535.25903
-0.1;-0.05;2;0;2;3;1;2;0.47059;0.3451;true;true;true;false;false;3999.96509;5350.53516;619;false;false;false;2538.68237
0;-0.05;1;2;0;3;1;2;0.59608;0.3451;true;true;true;false;false;3999.96509;4975.28809;620;false;false;false;2542.13574
-0.1;0.05;1;3;1;2;0;2;0.47059;0.3451;true;true;true;false;true;3999.96509;4734.96533;623;false;false;false;2545.70288
0.05;-0.05;1;0;2;3;1;2;0.59608;0.3451;true;false;true;false;true;3999.96509;3999.96509;623;false;false;false;2549.36646
-0.1;-0.1;0;1;3;2;0;0;0.59608;0.3451;true;true;true;false;false;3999.96509;3999.96509;623;false;false;false;2559.09521
-0.05;0.05;1;3;1;2;0;0;0.47059;0.3451;false;false;false;false;false;3999.96509;3999.96509;624;false;false;false;2562.82886
0.1;0.1;2;1;3;0;2;1;0.59608;0.3451;false;true;true;false;false;3999.96509;5005.01318;625;false;false;false;2566.34253
0.1;0;3;2;0;1;3;0;0.59608;0.3451;true;false;false;false;false;3999.96509;5500;626;false;true;false;2569.71582
-0.1;0.05;2;0;2;3;1;3;0.87843;0.3451;true;true;true;false;false;3999.96509;4284.96533;627;false;false;false;2573.24976
-0.05;0.1;0;2;0;3;1;1;0.3451;0.3451;true;true;false;false;false;4210.03223;4344.96533;628;false;false;false;2576.90405
0;0.05;0;3;1;2;0;0;0.59608;0.3451;true;true;false;false;false;3999.96509;3999.96509;629;false;false;false;2580.64771
-0.05;0.05;0;1;3;2;0;0;0.47059;0.3451;true;true;false;false;false;3999.96509;3999.96509;630;false;false;false;2584.39136
0.05;0.05;1;0;2;3;1;0;0.3451;0.3451;false;true;true;false;false;3999.96509;3999.96509;631;false;false;false;2588.13501
0.1;0;3;0;2;1;3;0;0.47059;0.3451;true;true;false;false;false;3999.96509;3999.96509;632;false;false;false;2591.87866
-0.1;0.1;1;2;0;3;1;0;0.59608;0.3451;false;true;true;false;false;3999.96509;5275.02734;633;false;true;false;2595.34375
-0.05;-0.05;3;2;0;1;3;0;0.87843;0.3451;true;true;true;false;false;4374.78418;5500;634;false;true;false;2598.50073
0.1;0;0;3;1;2;0;0;0.3451;0.3451;true;true;false;false;false;3999.96509;5500;635;false;true;false;2601.73413
-0.1;-0.05;2;0;2;1;3;0;0.59608;0.3451;false;false;true;false;false;3999.96509;5394.98291;636;false;true;false;2605.05737
-0.05;0.05;1;3;1;0;2;1;0.87843;0.3451;true;true;true;false;false;4390;5500;637;false;true;false;2608.22046
0.05;-0.05;2;0;2;1;3;1;0.87843;0.3451;false;true;false;false;false;4134.93848;4945.47412;638;false;false;false;2611.57373
-0.05;-0.1;2;0;2;1;3;1;0.59608;0.3451;false;false;false;false;false;3999.96509;3999.96509;639;false;false;false;2615.31616
0.1;-0.05;0;2;0;3;1;2;0.47059;0.3451;false;true;true;false;false;3999.96509;5244.96533;640;false;true;false;2618.81958
0;0.1;3;0;2;1;3;1;0.87843;0.3451;false;true;true;false;true;3999.96509;5124.96533;643;false;true;false;2622.30542
0;0;0;2;0;3;1;2;0.87843;0.3451;false;true;false;false;true;3999.96509;4659.96533;643;false;false;false;2625.77881
0;0.05;3;1;3;0;2;0;0.3451;0.3451;true;false;true;false;false;3999.96509;3999.96509;643;false;false;false;2635.49829
0.1;0.05;1;3;1;2;0;0;0.3451;0.3451;false;true;false;false;false;3999.96509;5259.96533;644;false;true;false;2638.98169
-0.05;-0.05;2;0;2;3;1;2;0.59608;0.3451;true;true;true;false;false;4164.99707;3999.96509;645;false;false;false;2642.56519
-0.1;0.05;2;1;3;0;2;0;0.59608;0.3451;false;true;true;false;false;3999.96509;5140.43262;646;false;false;false;2646.09888
0;0;3;1;3;2;0;0;0.59608;0.3451;true;false;false;false;false;3999.96509;4885.2832;647;false;true;false;2649.66235
-0.05;0.1;3;1;3;2;0;1;0.59608;0.3451;false;false;false;false;false;3999.96509;3999.96509;648;false;false;false;2653.36597
0;0.05;0;2;0;3;1;0;0.87843;0.3451;true;false;true;false;false;3999.96509;3999.96509;649;false;false;false;2657.10962
0.1;-0.1;3;0;2;1;3;2;0.47059;0.3451;false;false;false;false;false;3999.96509;3999.96509;650;false;false;false;2660.84326
0.1;0.05;2;1;3;0;2;0;0.47059;0.3451;false;false;true;false;false;3999.96509;3999.96509;651;false;false;false;2664.58691
0.05;0;2;0;2;1;3;1;0.47059;0.3451;false;true;true;false;false;3999.96509;3999.96509;652;false;false;false;2668.33057
0.05;0;0;2;0;3;1;1;0.87843;0.3451;true;false;false;false;false;3999.96509;3999.96509;653;false;false;false;2672.07251
-0.1;0;0;2;0;3;1;1;0.47059;0.3451;true;true;false;false;false;3999.96509;3999.96509;654;false;false;false;2675.81958
0.1;0;1;0;2;3;1;1;0.87843;0.3451;true;true;false;false;false;3999.96509;3999.96509;655;false;false;false;2679.56323
0;0.1;1;2;0;3;1;2;0.59608;0.3451;true;true;false;false;false;3999.96509;3999.96509;656;false;false;false;2683.30688
0.1;0.05;0;2;0;3;1;0;0.59608;0.3451;true;false;true;false;false;3999.96509;3999.96509;657;false;false;false;2687.04102
0;0.05;3;1;3;2;0;0;0.59608;0.3451;true;false;false;false;false;3999.96509;5500;658;false;true;false;2690.42432
0;-0.05;0;1;3;2;0;0;0.47059;0.3451;true;false;true;false;false;4089.48828;5500;659;false;true;false;2693.60742
0;-0.05;0;1;3;2;0;0;0.87843;0.3451;true;false;true;false;false;5500;5500;660;true;true;false;2696.34009
0.05;0;2;3;1;0;2;3;0.47059;0.3451;true;true;false;false;true;4098.61816;4450.14453;663;false;false;false;2699.86768
0.1;-0.1;0;2;0;3;1;2;0.87843;0.3451;false;true;true;false;true;3999.96509;5289.96973;663;false;true;false;2703.33105
-0.1;0;2;0;2;1;3;1;0.59608;0.3451;false;false;true;false;false;4119.46191;3999.96509;663;false;false;false;2711.84937
0.1;0.05;3;0;2;1;3;2;0.59608;0.3451;false;false;true;false;false;3999.96509;4888.66211;664;false;false;false;2715.42505
-0.1;-0.1;2;0;2;3;1;0;0.47059;0.3451;false;false;false;false;false;3999.96509;4959.96533;665;false;true;false;2719.01855
0.1;0.1;2;3;1;0;2;0;0.87843;0.3451;false;true;true;false;false;3999.96509;4225.03467;666;false;false;false;2722.62207
0.1;0.1;3;1;3;2;0;2;0.3451;0.3451;false;true;true;false;false;3999.96509;5125.66602;667;false;false;false;2726.08569
-0.1;0.05;3;2;0;1;3;0;0.3451;0.3451;true;true;false;false;false;3999.96509;5125.08984;668;false;true;false;2729.5791
0.05;-0.1;1;2;0;3;1;1;0.59608;0.3451;true;false;true;false;false;3999.96509;3999.96509;669;false;false;false;2733.25146
0.1;0.05;1;0;2;3;1;2;0.87843;0.3451;true;false;false;false;false;3999.96509;3999.96509;670;false;false;false;2736.99536
-0.1;-0.05;0;2;0;3;1;1;0.87843;0.3451;true;true;true;false;false;3999.96509;3999.96509;671;false;false;false;2740.729
0.05;0.05;3;1;3;0;2;1;0.59608;0.3451;false;true;true;false;false;3999.96509;5184.96973;672;false;true;false;2744.18237
-0.05;-0.05;3;0;2;1;3;0;0.3451;0.3451;true;false;true;false;false;4074.99121;4660.18359;673;false;false;false;2747.70581
-0.05;-0.05;0;3;1;2;0;3;0.47059;0.3451;false;false;false;false;false;3999.96509;4764.98535;674;false;true;false;2751.31934
-0.1;0.1;2;0;2;1;3;2;0.87843;0.3451;true;true;true;false;false;3999.96509;3999.96509;675;false;false;false;2755.06299
-0.05;-0.1;3;1;3;0;2;3;0.47059;0.3451;true;true;true;false;false;3999.96509;3999.96509;676;false;false;false;2758.79663
0.1;0.05;2;1;3;0;2;1;0.3451;0.3451;false;true;true;false;false;3999.96509;3999.96509;677;false;false;false;2762.54028
0;-0.1;0;3;1;2;0;0;0.3451;0.3451;true;true;true;false;false;3999.96509;3999.96509;678;false;false;false;2766.28394
0;0.1;1;0;2;3;1;2;0.3451;0.3451;true;false;false;false;false;3999.96509;3999.96509;679;false;false;false;2770.02759
0.05;0;0;2;0;1;3;2;0.3451;0.3451;false;true;true;false;false;3999.96509;3999.96509;680;false;false;false;2773.77124
-0.1;0;0;1;3;2;0;0;0.47059;0.3451;true;true;false;false;true;3999.96509;3999.96509;683;false;false;false;2777.51758
0;-0.1;1;3;1;0;2;3;0.59608;0.3451;false;true;true;false;true;3999.96509;3999.96509;683;false;false;false;2781.26123
0.1;-0.05;2;0;2;1;3;3;0.59608;0.3451;true;false;true;false;false;3999.96509;3999.96509;683;false;false;false;2789.8999
0.05;0.1;3;0;2;1;3;2;0.87843;0.3451;false;false;true;false;false;3999.96509;3999.96509;684;false;false;false;2793.65161
-0.1;-0.1;3;1;3;0;2;0;0.3451;0.3451;true;true;false;false;false;3999.96509;3999.96509;685;false;false;false;2797.40527
-0.05;0.1;1;0;2;3;1;0;0.87843;0.3451;false;false;true;false;false;3999.96509;3999.96509;686;false;false;false;2801.14893
-0.1;0.05;2;1;3;0;2;0;0.87843;0.3451;false;true;true;false;false;3999.96509;3999.96509;687;false;false;false;2804.89258
-0.1;-0.1;2;0;2;3;1;2;0.87843;0.3451;true;true;true;false;false;3999.96509;3999.96509;688;false;false;false;2808.63623
-0.05;0.05;0;2;0;1;3;0;0.3451;0.3451;true;true;false;false;false;3999.96509;3999.96509;689;false;false;false;2812.37988
0.1;-0.05;1;0;2;3;1;1;0.47059;0.3451;true;true;true;false;false;3999.96509;3999.96509;690;false;false;false;2816.12354
0.05;-0.05;2;0;2;1;3;0;0.3451;0.3451;false;true;true;false;false;3999.96509;3999.96509;691;false;false;false;2819.86768
-0.1;-0.05;2;0;2;3;1;2;0.3451;0.3451;true;true;true;false;false;3999.96509;3999.96509;692;false;false;false;2823.61133
0;-0.05;0;2;0;3;1;1;0.87843;0.3451;true;false;true;false;false;3999.96509;3999.96509;693;false;false;false;2827.35498
-0.05;0;3;1;3;2;0;0;0.3451;0.3451;true;true;false;false;false;3999.96509;3999.96509;694;false;false;false;2831.09863
-0.05;0;2;3;1;0;2;0;0.59608;0.3451;false;false;true;false;false;3999.96509;3999.96509;695;false;false;false;2834.84229
-0.1;0.05;0;2;0;3;1;0;0.3451;0.3451;true;true;true;false;false;3999.96509;3999.96509;696;false;false;false;2838.58594
0;0;1;3;1;2;0;1;0.47059;0.3451;true;false;false;false;false;3999.96509;3999.96509;697;false;false;false;2842.32959
0.1;0;0;2;0;1;3;0;0.47059;0.3451;true;false;false;false;false;3999.96509;3999.96509;698;false;false;false;2846.07324
0.1;-0.1;1;2;0;3;1;2;0.3451;0.3451;true;true;true;false;false;3999.96509;3999.96509;699;false;false;false;2849.81689
0.1;-0.1;1;3;1;0;2;0;0.47059;0.3451;false;true;false;false;false;3999.96509;3999.96509;700;false;false;false;2853.55884
0;-0.05;2;0;2;3;1;1;0.3451;0.3451;false;true;true;false;true;3999.96509;3999.96509;700;false;false;false;2857.30249
-0.05;0;3;2;0;1;3;0;0.47059;0.3451;true;true;false;false;true;3999.96509;3999.96509;700;false;false;false;2861.04614
